,Winner1,Winner2,Loser1,Loser2
0,/player/C36A90FE-DFA8-414B-A8B6-F2BCF6B9B8BD/XX12956319,/player/C36A90FE-DFA8-414B-A8B6-F2BCF6B9B8BD/714,/player/C36A90FE-DFA8-414B-A8B6-F2BCF6B9B8BD/XX12924044,/player/C36A90FE-DFA8-414B-A8B6-F2BCF6B9B8BD/char_lausy218
1,/player/C36A90FE-DFA8-414B-A8B6-F2BCF6B9B8BD/412313121,/player/C36A90FE-DFA8-414B-A8B6-F2BCF6B9B8BD/Toddpolezilla,/player/C36A90FE-DFA8-414B-A8B6-F2BCF6B9B8BD/XX12920697,/player/Karyee Chan
2,/player/C36A90FE-DFA8-414B-A8B6-F2BCF6B9B8BD/XX12959954,/player/C36A90FE-DFA8-414B-A8B6-F2BCF6B9B8BD/2130,/player/C36A90FE-DFA8-414B-A8B6-F2BCF6B9B8BD/123123123,/player/C36A90FE-DFA8-414B-A8B6-F2BCF6B9B8BD/XX12954543
3,/player/Brendan Dinh,/player/C36A90FE-DFA8-414B-A8B6-F2BCF6B9B8BD/XX12932828,/player/C36A90FE-DFA8-414B-A8B6-F2BCF6B9B8BD/Peterrxb,/player/C36A90FE-DFA8-414B-A8B6-F2BCF6B9B8BD/12292000
4,/player/C36A90FE-DFA8-414B-A8B6-F2BCF6B9B8BD/XX12926377,/player/C36A90FE-DFA8-414B-A8B6-F2BCF6B9B8BD/XX12921514,/player/C36A90FE-DFA8-414B-A8B6-F2BCF6B9B8BD/14321,/player/C36A90FE-DFA8-414B-A8B6-F2BCF6B9B8BD/Maithili2004
5,/player/C36A90FE-DFA8-414B-A8B6-F2BCF6B9B8BD/XX12941545,/player/Amber Low,/player/C36A90FE-DFA8-414B-A8B6-F2BCF6B9B8BD/914274951,/player/C36A90FE-DFA8-414B-A8B6-F2BCF6B9B8BD/XX12951128
6,/player/C36A90FE-DFA8-414B-A8B6-F2BCF6B9B8BD/144,/player/C36A90FE-DFA8-414B-A8B6-F2BCF6B9B8BD/2033537,/player/C36A90FE-DFA8-414B-A8B6-F2BCF6B9B8BD/915944510,/player/C36A90FE-DFA8-414B-A8B6-F2BCF6B9B8BD/XX12952041
7,/player/C36A90FE-DFA8-414B-A8B6-F2BCF6B9B8BD/12345678,/player/C36A90FE-DFA8-414B-A8B6-F2BCF6B9B8BD/110812345,/player/C36A90FE-DFA8-414B-A8B6-F2BCF6B9B8BD/12345,/player/C36A90FE-DFA8-414B-A8B6-F2BCF6B9B8BD/cokoo
8,/player/C36A90FE-DFA8-414B-A8B6-F2BCF6B9B8BD/675456476465465,/player/C36A90FE-DFA8-414B-A8B6-F2BCF6B9B8BD/XX12949205,/player/C36A90FE-DFA8-414B-A8B6-F2BCF6B9B8BD/2424,/player/C36A90FE-DFA8-414B-A8B6-F2BCF6B9B8BD/1019734
9,/player/C36A90FE-DFA8-414B-A8B6-F2BCF6B9B8BD/13179292,/player/C36A90FE-DFA8-414B-A8B6-F2BCF6B9B8BD/999999,/player/C36A90FE-DFA8-414B-A8B6-F2BCF6B9B8BD/004121482,/player/C36A90FE-DFA8-414B-A8B6-F2BCF6B9B8BD/726
10,/player/C36A90FE-DFA8-414B-A8B6-F2BCF6B9B8BD/71610235,/player/C36A90FE-DFA8-414B-A8B6-F2BCF6B9B8BD/katepaclibar,/player/C36A90FE-DFA8-414B-A8B6-F2BCF6B9B8BD/Ryan+T,/player/C36A90FE-DFA8-414B-A8B6-F2BCF6B9B8BD/mchow1121
11,/player/Johnjo Riguera,/player/Robin Chang,/player/C36A90FE-DFA8-414B-A8B6-F2BCF6B9B8BD/XX12926377,/player/C36A90FE-DFA8-414B-A8B6-F2BCF6B9B8BD/XX12921514
12,/player/C36A90FE-DFA8-414B-A8B6-F2BCF6B9B8BD/144,/player/C36A90FE-DFA8-414B-A8B6-F2BCF6B9B8BD/2033537,/player/C36A90FE-DFA8-414B-A8B6-F2BCF6B9B8BD/11428,/player/C36A90FE-DFA8-414B-A8B6-F2BCF6B9B8BD/47432
13,/player/C36A90FE-DFA8-414B-A8B6-F2BCF6B9B8BD/12345,/player/C36A90FE-DFA8-414B-A8B6-F2BCF6B9B8BD/cokoo,/player/C36A90FE-DFA8-414B-A8B6-F2BCF6B9B8BD/8006315,/player/C36A90FE-DFA8-414B-A8B6-F2BCF6B9B8BD/XX12959821
14,/player/C36A90FE-DFA8-414B-A8B6-F2BCF6B9B8BD/71610235,/player/C36A90FE-DFA8-414B-A8B6-F2BCF6B9B8BD/katepaclibar,/player/C36A90FE-DFA8-414B-A8B6-F2BCF6B9B8BD/lucbui10,/player/C36A90FE-DFA8-414B-A8B6-F2BCF6B9B8BD/VanessaDINH
15,/player/C36A90FE-DFA8-414B-A8B6-F2BCF6B9B8BD/2424,/player/C36A90FE-DFA8-414B-A8B6-F2BCF6B9B8BD/1019734,/player/C36A90FE-DFA8-414B-A8B6-F2BCF6B9B8BD/XX12957571,/player/C36A90FE-DFA8-414B-A8B6-F2BCF6B9B8BD/XX12957587
16,/player/C36A90FE-DFA8-414B-A8B6-F2BCF6B9B8BD/XX12959954,/player/C36A90FE-DFA8-414B-A8B6-F2BCF6B9B8BD/2130,/player/C36A90FE-DFA8-414B-A8B6-F2BCF6B9B8BD/52616,/player/C36A90FE-DFA8-414B-A8B6-F2BCF6B9B8BD/49078
17,/player/C36A90FE-DFA8-414B-A8B6-F2BCF6B9B8BD/123123123,/player/C36A90FE-DFA8-414B-A8B6-F2BCF6B9B8BD/XX12954543,/player/C36A90FE-DFA8-414B-A8B6-F2BCF6B9B8BD/jjonak1134,/player/C36A90FE-DFA8-414B-A8B6-F2BCF6B9B8BD/NataleeL12
18,/player/C36A90FE-DFA8-414B-A8B6-F2BCF6B9B8BD/914274951,/player/C36A90FE-DFA8-414B-A8B6-F2BCF6B9B8BD/XX12951128,/player/C36A90FE-DFA8-414B-A8B6-F2BCF6B9B8BD/XX12957890,/player/C36A90FE-DFA8-414B-A8B6-F2BCF6B9B8BD/XX12960141
19,/player/C36A90FE-DFA8-414B-A8B6-F2BCF6B9B8BD/Peterrxb,/player/C36A90FE-DFA8-414B-A8B6-F2BCF6B9B8BD/12292000,/player/C36A90FE-DFA8-414B-A8B6-F2BCF6B9B8BD/69abc,/player/C36A90FE-DFA8-414B-A8B6-F2BCF6B9B8BD/XX12954589
20,/player/C36A90FE-DFA8-414B-A8B6-F2BCF6B9B8BD/675456476465465,/player/C36A90FE-DFA8-414B-A8B6-F2BCF6B9B8BD/XX12949205,/player/C36A90FE-DFA8-414B-A8B6-F2BCF6B9B8BD/XX12960261,/player/C36A90FE-DFA8-414B-A8B6-F2BCF6B9B8BD/XX12954731
21,/player/C36A90FE-DFA8-414B-A8B6-F2BCF6B9B8BD/004121482,/player/C36A90FE-DFA8-414B-A8B6-F2BCF6B9B8BD/726,/player/C36A90FE-DFA8-414B-A8B6-F2BCF6B9B8BD/XX12928797,/player/C36A90FE-DFA8-414B-A8B6-F2BCF6B9B8BD/im.renee
22,/player/C36A90FE-DFA8-414B-A8B6-F2BCF6B9B8BD/915944510,/player/C36A90FE-DFA8-414B-A8B6-F2BCF6B9B8BD/XX12952041,/player/C36A90FE-DFA8-414B-A8B6-F2BCF6B9B8BD/XX12926377,/player/C36A90FE-DFA8-414B-A8B6-F2BCF6B9B8BD/XX12921514
23,/player/C36A90FE-DFA8-414B-A8B6-F2BCF6B9B8BD/13179292,/player/C36A90FE-DFA8-414B-A8B6-F2BCF6B9B8BD/999999,/player/C36A90FE-DFA8-414B-A8B6-F2BCF6B9B8BD/XX12945755,/player/C36A90FE-DFA8-414B-A8B6-F2BCF6B9B8BD/XX12945725
24,/player/C36A90FE-DFA8-414B-A8B6-F2BCF6B9B8BD/XX12920697,/player/Karyee Chan,/player/C36A90FE-DFA8-414B-A8B6-F2BCF6B9B8BD/XX12956319,/player/C36A90FE-DFA8-414B-A8B6-F2BCF6B9B8BD/714
25,/player/Brendan Dinh,/player/C36A90FE-DFA8-414B-A8B6-F2BCF6B9B8BD/XX12932828,/player/C36A90FE-DFA8-414B-A8B6-F2BCF6B9B8BD/XX12952092,/player/C36A90FE-DFA8-414B-A8B6-F2BCF6B9B8BD/XX12951979
26,/player/C36A90FE-DFA8-414B-A8B6-F2BCF6B9B8BD/425113600,/player/C36A90FE-DFA8-414B-A8B6-F2BCF6B9B8BD/912683531,/player/C36A90FE-DFA8-414B-A8B6-F2BCF6B9B8BD/987654321,/player/C36A90FE-DFA8-414B-A8B6-F2BCF6B9B8BD/042599
27,/player/C36A90FE-DFA8-414B-A8B6-F2BCF6B9B8BD/696969696969696969,/player/C36A90FE-DFA8-414B-A8B6-F2BCF6B9B8BD/2035277,/player/C36A90FE-DFA8-414B-A8B6-F2BCF6B9B8BD/0123,/player/C36A90FE-DFA8-414B-A8B6-F2BCF6B9B8BD/Bettina+Dea
28,/player/Kenneth Chan,/player/Nancy Mei,/player/Nam Doan,/player/C36A90FE-DFA8-414B-A8B6-F2BCF6B9B8BD/XX12957955
29,/player/C36A90FE-DFA8-414B-A8B6-F2BCF6B9B8BD/X911953,/player/C36A90FE-DFA8-414B-A8B6-F2BCF6B9B8BD/MaiUkai2018,/player/C36A90FE-DFA8-414B-A8B6-F2BCF6B9B8BD/Ryan+T,/player/C36A90FE-DFA8-414B-A8B6-F2BCF6B9B8BD/mchow1121
30,/player/C36A90FE-DFA8-414B-A8B6-F2BCF6B9B8BD/XX12959954,/player/C36A90FE-DFA8-414B-A8B6-F2BCF6B9B8BD/2130,/player/Nam Doan,/player/C36A90FE-DFA8-414B-A8B6-F2BCF6B9B8BD/XX12957955
31,/player/C36A90FE-DFA8-414B-A8B6-F2BCF6B9B8BD/XX12960168,/player/C36A90FE-DFA8-414B-A8B6-F2BCF6B9B8BD/XX12946360,/player/C36A90FE-DFA8-414B-A8B6-F2BCF6B9B8BD/XX12941545,/player/Amber Low
32,/player/C36A90FE-DFA8-414B-A8B6-F2BCF6B9B8BD/401380,/player/C36A90FE-DFA8-414B-A8B6-F2BCF6B9B8BD/091695,/player/C36A90FE-DFA8-414B-A8B6-F2BCF6B9B8BD/XX12898643,/player/C36A90FE-DFA8-414B-A8B6-F2BCF6B9B8BD/824
33,/player/C36A90FE-DFA8-414B-A8B6-F2BCF6B9B8BD/2515434611522,/player/C36A90FE-DFA8-414B-A8B6-F2BCF6B9B8BD/XX12948948,/player/C36A90FE-DFA8-414B-A8B6-F2BCF6B9B8BD/662,/player/C36A90FE-DFA8-414B-A8B6-F2BCF6B9B8BD/2035412
34,/player/Kenneth Chan,/player/Nancy Mei,/player/C36A90FE-DFA8-414B-A8B6-F2BCF6B9B8BD/412313121,/player/C36A90FE-DFA8-414B-A8B6-F2BCF6B9B8BD/Toddpolezilla
35,/player/C36A90FE-DFA8-414B-A8B6-F2BCF6B9B8BD/12345678,/player/C36A90FE-DFA8-414B-A8B6-F2BCF6B9B8BD/110812345,/player/C36A90FE-DFA8-414B-A8B6-F2BCF6B9B8BD/13179292,/player/C36A90FE-DFA8-414B-A8B6-F2BCF6B9B8BD/999999
36,/player/C36A90FE-DFA8-414B-A8B6-F2BCF6B9B8BD/XX12941545,/player/Amber Low,/player/C36A90FE-DFA8-414B-A8B6-F2BCF6B9B8BD/425113600,/player/C36A90FE-DFA8-414B-A8B6-F2BCF6B9B8BD/912683531
37,/player/C36A90FE-DFA8-414B-A8B6-F2BCF6B9B8BD/696969696969696969,/player/C36A90FE-DFA8-414B-A8B6-F2BCF6B9B8BD/2035277,/player/Brendan Dinh,/player/C36A90FE-DFA8-414B-A8B6-F2BCF6B9B8BD/XX12932828
38,/player/C36A90FE-DFA8-414B-A8B6-F2BCF6B9B8BD/12345,/player/C36A90FE-DFA8-414B-A8B6-F2BCF6B9B8BD/cokoo,/player/C36A90FE-DFA8-414B-A8B6-F2BCF6B9B8BD/004121482,/player/C36A90FE-DFA8-414B-A8B6-F2BCF6B9B8BD/726
39,/player/C36A90FE-DFA8-414B-A8B6-F2BCF6B9B8BD/675456476465465,/player/C36A90FE-DFA8-414B-A8B6-F2BCF6B9B8BD/XX12949205,/player/C36A90FE-DFA8-414B-A8B6-F2BCF6B9B8BD/535534,/player/C36A90FE-DFA8-414B-A8B6-F2BCF6B9B8BD/3442
40,/player/C36A90FE-DFA8-414B-A8B6-F2BCF6B9B8BD/425113600,/player/C36A90FE-DFA8-414B-A8B6-F2BCF6B9B8BD/912683531,/player/C36A90FE-DFA8-414B-A8B6-F2BCF6B9B8BD/914274951,/player/C36A90FE-DFA8-414B-A8B6-F2BCF6B9B8BD/XX12951128
41,/player/C36A90FE-DFA8-414B-A8B6-F2BCF6B9B8BD/XX12954430,/player/C36A90FE-DFA8-414B-A8B6-F2BCF6B9B8BD/2032961,/player/C36A90FE-DFA8-414B-A8B6-F2BCF6B9B8BD/662,/player/C36A90FE-DFA8-414B-A8B6-F2BCF6B9B8BD/2035412
42,/player/C36A90FE-DFA8-414B-A8B6-F2BCF6B9B8BD/401380,/player/C36A90FE-DFA8-414B-A8B6-F2BCF6B9B8BD/091695,/player/C36A90FE-DFA8-414B-A8B6-F2BCF6B9B8BD/2515434611522,/player/C36A90FE-DFA8-414B-A8B6-F2BCF6B9B8BD/XX12948948
43,/player/C36A90FE-DFA8-414B-A8B6-F2BCF6B9B8BD/13179292,/player/C36A90FE-DFA8-414B-A8B6-F2BCF6B9B8BD/999999,/player/C36A90FE-DFA8-414B-A8B6-F2BCF6B9B8BD/71610235,/player/C36A90FE-DFA8-414B-A8B6-F2BCF6B9B8BD/katepaclibar
44,/player/C36A90FE-DFA8-414B-A8B6-F2BCF6B9B8BD/675456476465465,/player/C36A90FE-DFA8-414B-A8B6-F2BCF6B9B8BD/XX12949205,/player/C36A90FE-DFA8-414B-A8B6-F2BCF6B9B8BD/Peterrxb,/player/C36A90FE-DFA8-414B-A8B6-F2BCF6B9B8BD/12292000
45,/player/C36A90FE-DFA8-414B-A8B6-F2BCF6B9B8BD/69abc,/player/C36A90FE-DFA8-414B-A8B6-F2BCF6B9B8BD/XX12954589,/player/C36A90FE-DFA8-414B-A8B6-F2BCF6B9B8BD/XX12960261,/player/C36A90FE-DFA8-414B-A8B6-F2BCF6B9B8BD/XX12954731
46,/player/Kenneth Chan,/player/Nancy Mei,/player/C36A90FE-DFA8-414B-A8B6-F2BCF6B9B8BD/144,/player/C36A90FE-DFA8-414B-A8B6-F2BCF6B9B8BD/2033537
47,/player/C36A90FE-DFA8-414B-A8B6-F2BCF6B9B8BD/144,/player/C36A90FE-DFA8-414B-A8B6-F2BCF6B9B8BD/2033537,/player/C36A90FE-DFA8-414B-A8B6-F2BCF6B9B8BD/004121482,/player/C36A90FE-DFA8-414B-A8B6-F2BCF6B9B8BD/726
48,/player/C36A90FE-DFA8-414B-A8B6-F2BCF6B9B8BD/XX12920697,/player/Karyee Chan,/player/Brendan Dinh,/player/C36A90FE-DFA8-414B-A8B6-F2BCF6B9B8BD/XX12932828
49,/player/C36A90FE-DFA8-414B-A8B6-F2BCF6B9B8BD/2424,/player/C36A90FE-DFA8-414B-A8B6-F2BCF6B9B8BD/1019734,/player/C36A90FE-DFA8-414B-A8B6-F2BCF6B9B8BD/X911953,/player/C36A90FE-DFA8-414B-A8B6-F2BCF6B9B8BD/MaiUkai2018
50,/player/C36A90FE-DFA8-414B-A8B6-F2BCF6B9B8BD/XX12959954,/player/C36A90FE-DFA8-414B-A8B6-F2BCF6B9B8BD/2130,/player/C36A90FE-DFA8-414B-A8B6-F2BCF6B9B8BD/000,/player/C36A90FE-DFA8-414B-A8B6-F2BCF6B9B8BD/XX12954836
51,/player/C36A90FE-DFA8-414B-A8B6-F2BCF6B9B8BD/914274951,/player/C36A90FE-DFA8-414B-A8B6-F2BCF6B9B8BD/XX12951128,/player/C36A90FE-DFA8-414B-A8B6-F2BCF6B9B8BD/123123123,/player/C36A90FE-DFA8-414B-A8B6-F2BCF6B9B8BD/XX12954543
52,/player/C36A90FE-DFA8-414B-A8B6-F2BCF6B9B8BD/11428,/player/C36A90FE-DFA8-414B-A8B6-F2BCF6B9B8BD/47432,/player/C36A90FE-DFA8-414B-A8B6-F2BCF6B9B8BD/XX12928797,/player/C36A90FE-DFA8-414B-A8B6-F2BCF6B9B8BD/im.renee
53,/player/C36A90FE-DFA8-414B-A8B6-F2BCF6B9B8BD/XX12952092,/player/C36A90FE-DFA8-414B-A8B6-F2BCF6B9B8BD/XX12951979,/player/C36A90FE-DFA8-414B-A8B6-F2BCF6B9B8BD/XX12924044,/player/C36A90FE-DFA8-414B-A8B6-F2BCF6B9B8BD/char_lausy218
54,/player/C36A90FE-DFA8-414B-A8B6-F2BCF6B9B8BD/12345,/player/C36A90FE-DFA8-414B-A8B6-F2BCF6B9B8BD/cokoo,/player/C36A90FE-DFA8-414B-A8B6-F2BCF6B9B8BD/915944510,/player/C36A90FE-DFA8-414B-A8B6-F2BCF6B9B8BD/XX12952041
55,/player/C36A90FE-DFA8-414B-A8B6-F2BCF6B9B8BD/XX12954430,/player/C36A90FE-DFA8-414B-A8B6-F2BCF6B9B8BD/2032961,/player/C36A90FE-DFA8-414B-A8B6-F2BCF6B9B8BD/425113600,/player/C36A90FE-DFA8-414B-A8B6-F2BCF6B9B8BD/912683531
56,/player/C36A90FE-DFA8-414B-A8B6-F2BCF6B9B8BD/662,/player/C36A90FE-DFA8-414B-A8B6-F2BCF6B9B8BD/2035412,/player/C36A90FE-DFA8-414B-A8B6-F2BCF6B9B8BD/696969696969696969,/player/C36A90FE-DFA8-414B-A8B6-F2BCF6B9B8BD/2035277
57,/player/C36A90FE-DFA8-414B-A8B6-F2BCF6B9B8BD/535534,/player/C36A90FE-DFA8-414B-A8B6-F2BCF6B9B8BD/3442,/player/C36A90FE-DFA8-414B-A8B6-F2BCF6B9B8BD/2424,/player/C36A90FE-DFA8-414B-A8B6-F2BCF6B9B8BD/1019734
58,/player/C36A90FE-DFA8-414B-A8B6-F2BCF6B9B8BD/401380,/player/C36A90FE-DFA8-414B-A8B6-F2BCF6B9B8BD/091695,/player/C36A90FE-DFA8-414B-A8B6-F2BCF6B9B8BD/XX12954430,/player/C36A90FE-DFA8-414B-A8B6-F2BCF6B9B8BD/2032961
59,/player/C36A90FE-DFA8-414B-A8B6-F2BCF6B9B8BD/2515434611522,/player/C36A90FE-DFA8-414B-A8B6-F2BCF6B9B8BD/XX12948948,/player/C36A90FE-DFA8-414B-A8B6-F2BCF6B9B8BD/XX12898643,/player/C36A90FE-DFA8-414B-A8B6-F2BCF6B9B8BD/824
60,/player/C36A90FE-DFA8-414B-A8B6-F2BCF6B9B8BD/XX12959954,/player/C36A90FE-DFA8-414B-A8B6-F2BCF6B9B8BD/2130,/player/C36A90FE-DFA8-414B-A8B6-F2BCF6B9B8BD/12345678,/player/C36A90FE-DFA8-414B-A8B6-F2BCF6B9B8BD/110812345
61,/player/C36A90FE-DFA8-414B-A8B6-F2BCF6B9B8BD/696969696969696969,/player/C36A90FE-DFA8-414B-A8B6-F2BCF6B9B8BD/2035277,/player/C36A90FE-DFA8-414B-A8B6-F2BCF6B9B8BD/675456476465465,/player/C36A90FE-DFA8-414B-A8B6-F2BCF6B9B8BD/XX12949205
62,/player/C36A90FE-DFA8-414B-A8B6-F2BCF6B9B8BD/XX12920697,/player/Karyee Chan,/player/C36A90FE-DFA8-414B-A8B6-F2BCF6B9B8BD/915944510,/player/C36A90FE-DFA8-414B-A8B6-F2BCF6B9B8BD/XX12952041
63,/player/Nam Doan,/player/C36A90FE-DFA8-414B-A8B6-F2BCF6B9B8BD/XX12957955,/player/C36A90FE-DFA8-414B-A8B6-F2BCF6B9B8BD/12345,/player/C36A90FE-DFA8-414B-A8B6-F2BCF6B9B8BD/cokoo
64,/player/C36A90FE-DFA8-414B-A8B6-F2BCF6B9B8BD/535534,/player/C36A90FE-DFA8-414B-A8B6-F2BCF6B9B8BD/3442,/player/C36A90FE-DFA8-414B-A8B6-F2BCF6B9B8BD/Peterrxb,/player/C36A90FE-DFA8-414B-A8B6-F2BCF6B9B8BD/12292000
65,/player/C36A90FE-DFA8-414B-A8B6-F2BCF6B9B8BD/XX12941545,/player/Amber Low,/player/Johnjo Riguera,/player/Robin Chang
66,/player/C36A90FE-DFA8-414B-A8B6-F2BCF6B9B8BD/425113600,/player/C36A90FE-DFA8-414B-A8B6-F2BCF6B9B8BD/912683531,/player/C36A90FE-DFA8-414B-A8B6-F2BCF6B9B8BD/XX12926377,/player/C36A90FE-DFA8-414B-A8B6-F2BCF6B9B8BD/XX12921514
67,/player/C36A90FE-DFA8-414B-A8B6-F2BCF6B9B8BD/XX12898643,/player/C36A90FE-DFA8-414B-A8B6-F2BCF6B9B8BD/824,/player/C36A90FE-DFA8-414B-A8B6-F2BCF6B9B8BD/XX12960168,/player/C36A90FE-DFA8-414B-A8B6-F2BCF6B9B8BD/XX12946360
68,/player/Kenneth Chan,/player/Nancy Mei,/player/C36A90FE-DFA8-414B-A8B6-F2BCF6B9B8BD/XX12959954,/player/C36A90FE-DFA8-414B-A8B6-F2BCF6B9B8BD/2130
69,/player/Nam Doan,/player/C36A90FE-DFA8-414B-A8B6-F2BCF6B9B8BD/XX12957955,/player/C36A90FE-DFA8-414B-A8B6-F2BCF6B9B8BD/XX12920697,/player/Karyee Chan
70,/player/C36A90FE-DFA8-414B-A8B6-F2BCF6B9B8BD/401380,/player/C36A90FE-DFA8-414B-A8B6-F2BCF6B9B8BD/091695,/player/Kenneth Chan,/player/Nancy Mei
71,/player/C36A90FE-DFA8-414B-A8B6-F2BCF6B9B8BD/XX12954430,/player/C36A90FE-DFA8-414B-A8B6-F2BCF6B9B8BD/2032961,/player/C36A90FE-DFA8-414B-A8B6-F2BCF6B9B8BD/XX12898643,/player/C36A90FE-DFA8-414B-A8B6-F2BCF6B9B8BD/824
72,/player/C36A90FE-DFA8-414B-A8B6-F2BCF6B9B8BD/662,/player/C36A90FE-DFA8-414B-A8B6-F2BCF6B9B8BD/2035412,/player/C36A90FE-DFA8-414B-A8B6-F2BCF6B9B8BD/401380,/player/C36A90FE-DFA8-414B-A8B6-F2BCF6B9B8BD/091695
73,/player/C36A90FE-DFA8-414B-A8B6-F2BCF6B9B8BD/XX12954430,/player/C36A90FE-DFA8-414B-A8B6-F2BCF6B9B8BD/2032961,/player/C36A90FE-DFA8-414B-A8B6-F2BCF6B9B8BD/XX12898643,/player/C36A90FE-DFA8-414B-A8B6-F2BCF6B9B8BD/824
74,/player/C36A90FE-DFA8-414B-A8B6-F2BCF6B9B8BD/144,/player/C36A90FE-DFA8-414B-A8B6-F2BCF6B9B8BD/2033537,/player/C36A90FE-DFA8-414B-A8B6-F2BCF6B9B8BD/12345,/player/C36A90FE-DFA8-414B-A8B6-F2BCF6B9B8BD/cokoo
75,/player/C36A90FE-DFA8-414B-A8B6-F2BCF6B9B8BD/13179292,/player/C36A90FE-DFA8-414B-A8B6-F2BCF6B9B8BD/999999,/player/C36A90FE-DFA8-414B-A8B6-F2BCF6B9B8BD/XX12920697,/player/Karyee Chan
76,/player/C36A90FE-DFA8-414B-A8B6-F2BCF6B9B8BD/XX12959954,/player/C36A90FE-DFA8-414B-A8B6-F2BCF6B9B8BD/2130,/player/C36A90FE-DFA8-414B-A8B6-F2BCF6B9B8BD/2424,/player/C36A90FE-DFA8-414B-A8B6-F2BCF6B9B8BD/1019734
77,/player/C36A90FE-DFA8-414B-A8B6-F2BCF6B9B8BD/675456476465465,/player/C36A90FE-DFA8-414B-A8B6-F2BCF6B9B8BD/XX12949205,/player/C36A90FE-DFA8-414B-A8B6-F2BCF6B9B8BD/914274951,/player/C36A90FE-DFA8-414B-A8B6-F2BCF6B9B8BD/XX12951128
78,/player/C36A90FE-DFA8-414B-A8B6-F2BCF6B9B8BD/11428,/player/C36A90FE-DFA8-414B-A8B6-F2BCF6B9B8BD/47432,/player/C36A90FE-DFA8-414B-A8B6-F2BCF6B9B8BD/XX12926377,/player/C36A90FE-DFA8-414B-A8B6-F2BCF6B9B8BD/XX12921514
79,/player/C36A90FE-DFA8-414B-A8B6-F2BCF6B9B8BD/lucbui10,/player/C36A90FE-DFA8-414B-A8B6-F2BCF6B9B8BD/VanessaDINH,/player/C36A90FE-DFA8-414B-A8B6-F2BCF6B9B8BD/XX12952092,/player/C36A90FE-DFA8-414B-A8B6-F2BCF6B9B8BD/XX12951979
80,/player/C36A90FE-DFA8-414B-A8B6-F2BCF6B9B8BD/69abc,/player/C36A90FE-DFA8-414B-A8B6-F2BCF6B9B8BD/XX12954589,/player/C36A90FE-DFA8-414B-A8B6-F2BCF6B9B8BD/jjonak1134,/player/C36A90FE-DFA8-414B-A8B6-F2BCF6B9B8BD/NataleeL12
81,/player/C36A90FE-DFA8-414B-A8B6-F2BCF6B9B8BD/425113600,/player/C36A90FE-DFA8-414B-A8B6-F2BCF6B9B8BD/912683531,/player/C36A90FE-DFA8-414B-A8B6-F2BCF6B9B8BD/XX12941545,/player/Amber Low
82,/player/C36A90FE-DFA8-414B-A8B6-F2BCF6B9B8BD/662,/player/C36A90FE-DFA8-414B-A8B6-F2BCF6B9B8BD/2035412,/player/C36A90FE-DFA8-414B-A8B6-F2BCF6B9B8BD/XX12898643,/player/C36A90FE-DFA8-414B-A8B6-F2BCF6B9B8BD/824
83,/player/C36A90FE-DFA8-414B-A8B6-F2BCF6B9B8BD/XX12954430,/player/C36A90FE-DFA8-414B-A8B6-F2BCF6B9B8BD/2032961,/player/C36A90FE-DFA8-414B-A8B6-F2BCF6B9B8BD/2515434611522,/player/C36A90FE-DFA8-414B-A8B6-F2BCF6B9B8BD/XX12948948
84,/player/C36A90FE-DFA8-414B-A8B6-F2BCF6B9B8BD/696969696969696969,/player/C36A90FE-DFA8-414B-A8B6-F2BCF6B9B8BD/2035277,/player/C36A90FE-DFA8-414B-A8B6-F2BCF6B9B8BD/XX12941545,/player/Amber Low
85,/player/C36A90FE-DFA8-414B-A8B6-F2BCF6B9B8BD/535534,/player/C36A90FE-DFA8-414B-A8B6-F2BCF6B9B8BD/3442,/player/C36A90FE-DFA8-414B-A8B6-F2BCF6B9B8BD/425113600,/player/C36A90FE-DFA8-414B-A8B6-F2BCF6B9B8BD/912683531
86,/player/C36A90FE-DFA8-414B-A8B6-F2BCF6B9B8BD/144,/player/C36A90FE-DFA8-414B-A8B6-F2BCF6B9B8BD/2033537,/player/C36A90FE-DFA8-414B-A8B6-F2BCF6B9B8BD/13179292,/player/C36A90FE-DFA8-414B-A8B6-F2BCF6B9B8BD/999999
87,/player/C36A90FE-DFA8-414B-A8B6-F2BCF6B9B8BD/675456476465465,/player/C36A90FE-DFA8-414B-A8B6-F2BCF6B9B8BD/XX12949205,/player/C36A90FE-DFA8-414B-A8B6-F2BCF6B9B8BD/XX12959954,/player/C36A90FE-DFA8-414B-A8B6-F2BCF6B9B8BD/2130
88,/player/C36A90FE-DFA8-414B-A8B6-F2BCF6B9B8BD/lucbui10,/player/C36A90FE-DFA8-414B-A8B6-F2BCF6B9B8BD/VanessaDINH,/player/C36A90FE-DFA8-414B-A8B6-F2BCF6B9B8BD/11428,/player/C36A90FE-DFA8-414B-A8B6-F2BCF6B9B8BD/47432
89,/player/C36A90FE-DFA8-414B-A8B6-F2BCF6B9B8BD/000,/player/C36A90FE-DFA8-414B-A8B6-F2BCF6B9B8BD/XX12954836,/player/C36A90FE-DFA8-414B-A8B6-F2BCF6B9B8BD/69abc,/player/C36A90FE-DFA8-414B-A8B6-F2BCF6B9B8BD/XX12954589
90,/player/C36A90FE-DFA8-414B-A8B6-F2BCF6B9B8BD/662,/player/C36A90FE-DFA8-414B-A8B6-F2BCF6B9B8BD/2035412,/player/C36A90FE-DFA8-414B-A8B6-F2BCF6B9B8BD/401380,/player/C36A90FE-DFA8-414B-A8B6-F2BCF6B9B8BD/091695
91,/player/C36A90FE-DFA8-414B-A8B6-F2BCF6B9B8BD/0123,/player/C36A90FE-DFA8-414B-A8B6-F2BCF6B9B8BD/Bettina+Dea,/player/Nam Doan,/player/C36A90FE-DFA8-414B-A8B6-F2BCF6B9B8BD/XX12957955
92,/player/Kenneth Chan,/player/Nancy Mei,/player/C36A90FE-DFA8-414B-A8B6-F2BCF6B9B8BD/696969696969696969,/player/C36A90FE-DFA8-414B-A8B6-F2BCF6B9B8BD/2035277
93,/player/C36A90FE-DFA8-414B-A8B6-F2BCF6B9B8BD/535534,/player/C36A90FE-DFA8-414B-A8B6-F2BCF6B9B8BD/3442,/player/Nam Doan,/player/C36A90FE-DFA8-414B-A8B6-F2BCF6B9B8BD/XX12957955
94,/player/C36A90FE-DFA8-414B-A8B6-F2BCF6B9B8BD/662,/player/C36A90FE-DFA8-414B-A8B6-F2BCF6B9B8BD/2035412,/player/C36A90FE-DFA8-414B-A8B6-F2BCF6B9B8BD/XX12954430,/player/C36A90FE-DFA8-414B-A8B6-F2BCF6B9B8BD/2032961
95,/player/C36A90FE-DFA8-414B-A8B6-F2BCF6B9B8BD/0123,/player/C36A90FE-DFA8-414B-A8B6-F2BCF6B9B8BD/Bettina+Dea,/player/C36A90FE-DFA8-414B-A8B6-F2BCF6B9B8BD/425113600,/player/C36A90FE-DFA8-414B-A8B6-F2BCF6B9B8BD/912683531
96,/player/C36A90FE-DFA8-414B-A8B6-F2BCF6B9B8BD/675456476465465,/player/C36A90FE-DFA8-414B-A8B6-F2BCF6B9B8BD/XX12949205,/player/C36A90FE-DFA8-414B-A8B6-F2BCF6B9B8BD/144,/player/C36A90FE-DFA8-414B-A8B6-F2BCF6B9B8BD/2033537
97,/player/C36A90FE-DFA8-414B-A8B6-F2BCF6B9B8BD/lucbui10,/player/C36A90FE-DFA8-414B-A8B6-F2BCF6B9B8BD/VanessaDINH,/player/C36A90FE-DFA8-414B-A8B6-F2BCF6B9B8BD/000,/player/C36A90FE-DFA8-414B-A8B6-F2BCF6B9B8BD/XX12954836
98,/player/C36A90FE-DFA8-414B-A8B6-F2BCF6B9B8BD/XX12956319,/player/C36A90FE-DFA8-414B-A8B6-F2BCF6B9B8BD/714,/player/C36A90FE-DFA8-414B-A8B6-F2BCF6B9B8BD/XX12924044,/player/C36A90FE-DFA8-414B-A8B6-F2BCF6B9B8BD/char_lausy218
99,/player/C36A90FE-DFA8-414B-A8B6-F2BCF6B9B8BD/412313121,/player/C36A90FE-DFA8-414B-A8B6-F2BCF6B9B8BD/Toddpolezilla,/player/C36A90FE-DFA8-414B-A8B6-F2BCF6B9B8BD/XX12920697,/player/Karyee Chan
100,/player/C36A90FE-DFA8-414B-A8B6-F2BCF6B9B8BD/XX12959954,/player/C36A90FE-DFA8-414B-A8B6-F2BCF6B9B8BD/2130,/player/C36A90FE-DFA8-414B-A8B6-F2BCF6B9B8BD/123123123,/player/C36A90FE-DFA8-414B-A8B6-F2BCF6B9B8BD/XX12954543
101,/player/Brendan Dinh,/player/C36A90FE-DFA8-414B-A8B6-F2BCF6B9B8BD/XX12932828,/player/C36A90FE-DFA8-414B-A8B6-F2BCF6B9B8BD/Peterrxb,/player/C36A90FE-DFA8-414B-A8B6-F2BCF6B9B8BD/12292000
102,/player/C36A90FE-DFA8-414B-A8B6-F2BCF6B9B8BD/XX12926377,/player/C36A90FE-DFA8-414B-A8B6-F2BCF6B9B8BD/XX12921514,/player/C36A90FE-DFA8-414B-A8B6-F2BCF6B9B8BD/14321,/player/C36A90FE-DFA8-414B-A8B6-F2BCF6B9B8BD/Maithili2004
103,/player/C36A90FE-DFA8-414B-A8B6-F2BCF6B9B8BD/XX12941545,/player/Amber Low,/player/C36A90FE-DFA8-414B-A8B6-F2BCF6B9B8BD/914274951,/player/C36A90FE-DFA8-414B-A8B6-F2BCF6B9B8BD/XX12951128
104,/player/C36A90FE-DFA8-414B-A8B6-F2BCF6B9B8BD/144,/player/C36A90FE-DFA8-414B-A8B6-F2BCF6B9B8BD/2033537,/player/C36A90FE-DFA8-414B-A8B6-F2BCF6B9B8BD/915944510,/player/C36A90FE-DFA8-414B-A8B6-F2BCF6B9B8BD/XX12952041
105,/player/C36A90FE-DFA8-414B-A8B6-F2BCF6B9B8BD/12345678,/player/C36A90FE-DFA8-414B-A8B6-F2BCF6B9B8BD/110812345,/player/C36A90FE-DFA8-414B-A8B6-F2BCF6B9B8BD/12345,/player/C36A90FE-DFA8-414B-A8B6-F2BCF6B9B8BD/cokoo
106,/player/C36A90FE-DFA8-414B-A8B6-F2BCF6B9B8BD/675456476465465,/player/C36A90FE-DFA8-414B-A8B6-F2BCF6B9B8BD/XX12949205,/player/C36A90FE-DFA8-414B-A8B6-F2BCF6B9B8BD/2424,/player/C36A90FE-DFA8-414B-A8B6-F2BCF6B9B8BD/1019734
107,/player/C36A90FE-DFA8-414B-A8B6-F2BCF6B9B8BD/13179292,/player/C36A90FE-DFA8-414B-A8B6-F2BCF6B9B8BD/999999,/player/C36A90FE-DFA8-414B-A8B6-F2BCF6B9B8BD/004121482,/player/C36A90FE-DFA8-414B-A8B6-F2BCF6B9B8BD/726
108,/player/C36A90FE-DFA8-414B-A8B6-F2BCF6B9B8BD/71610235,/player/C36A90FE-DFA8-414B-A8B6-F2BCF6B9B8BD/katepaclibar,/player/C36A90FE-DFA8-414B-A8B6-F2BCF6B9B8BD/Ryan+T,/player/C36A90FE-DFA8-414B-A8B6-F2BCF6B9B8BD/mchow1121
109,/player/Johnjo Riguera,/player/Robin Chang,/player/C36A90FE-DFA8-414B-A8B6-F2BCF6B9B8BD/XX12926377,/player/C36A90FE-DFA8-414B-A8B6-F2BCF6B9B8BD/XX12921514
110,/player/C36A90FE-DFA8-414B-A8B6-F2BCF6B9B8BD/144,/player/C36A90FE-DFA8-414B-A8B6-F2BCF6B9B8BD/2033537,/player/C36A90FE-DFA8-414B-A8B6-F2BCF6B9B8BD/11428,/player/C36A90FE-DFA8-414B-A8B6-F2BCF6B9B8BD/47432
111,/player/C36A90FE-DFA8-414B-A8B6-F2BCF6B9B8BD/12345,/player/C36A90FE-DFA8-414B-A8B6-F2BCF6B9B8BD/cokoo,/player/C36A90FE-DFA8-414B-A8B6-F2BCF6B9B8BD/8006315,/player/C36A90FE-DFA8-414B-A8B6-F2BCF6B9B8BD/XX12959821
112,/player/C36A90FE-DFA8-414B-A8B6-F2BCF6B9B8BD/71610235,/player/C36A90FE-DFA8-414B-A8B6-F2BCF6B9B8BD/katepaclibar,/player/C36A90FE-DFA8-414B-A8B6-F2BCF6B9B8BD/lucbui10,/player/C36A90FE-DFA8-414B-A8B6-F2BCF6B9B8BD/VanessaDINH
113,/player/C36A90FE-DFA8-414B-A8B6-F2BCF6B9B8BD/2424,/player/C36A90FE-DFA8-414B-A8B6-F2BCF6B9B8BD/1019734,/player/C36A90FE-DFA8-414B-A8B6-F2BCF6B9B8BD/XX12957571,/player/C36A90FE-DFA8-414B-A8B6-F2BCF6B9B8BD/XX12957587
114,/player/C36A90FE-DFA8-414B-A8B6-F2BCF6B9B8BD/XX12959954,/player/C36A90FE-DFA8-414B-A8B6-F2BCF6B9B8BD/2130,/player/C36A90FE-DFA8-414B-A8B6-F2BCF6B9B8BD/52616,/player/C36A90FE-DFA8-414B-A8B6-F2BCF6B9B8BD/49078
115,/player/C36A90FE-DFA8-414B-A8B6-F2BCF6B9B8BD/123123123,/player/C36A90FE-DFA8-414B-A8B6-F2BCF6B9B8BD/XX12954543,/player/C36A90FE-DFA8-414B-A8B6-F2BCF6B9B8BD/jjonak1134,/player/C36A90FE-DFA8-414B-A8B6-F2BCF6B9B8BD/NataleeL12
116,/player/C36A90FE-DFA8-414B-A8B6-F2BCF6B9B8BD/914274951,/player/C36A90FE-DFA8-414B-A8B6-F2BCF6B9B8BD/XX12951128,/player/C36A90FE-DFA8-414B-A8B6-F2BCF6B9B8BD/XX12957890,/player/C36A90FE-DFA8-414B-A8B6-F2BCF6B9B8BD/XX12960141
117,/player/C36A90FE-DFA8-414B-A8B6-F2BCF6B9B8BD/Peterrxb,/player/C36A90FE-DFA8-414B-A8B6-F2BCF6B9B8BD/12292000,/player/C36A90FE-DFA8-414B-A8B6-F2BCF6B9B8BD/69abc,/player/C36A90FE-DFA8-414B-A8B6-F2BCF6B9B8BD/XX12954589
118,/player/C36A90FE-DFA8-414B-A8B6-F2BCF6B9B8BD/675456476465465,/player/C36A90FE-DFA8-414B-A8B6-F2BCF6B9B8BD/XX12949205,/player/C36A90FE-DFA8-414B-A8B6-F2BCF6B9B8BD/XX12960261,/player/C36A90FE-DFA8-414B-A8B6-F2BCF6B9B8BD/XX12954731
119,/player/C36A90FE-DFA8-414B-A8B6-F2BCF6B9B8BD/004121482,/player/C36A90FE-DFA8-414B-A8B6-F2BCF6B9B8BD/726,/player/C36A90FE-DFA8-414B-A8B6-F2BCF6B9B8BD/XX12928797,/player/C36A90FE-DFA8-414B-A8B6-F2BCF6B9B8BD/im.renee
120,/player/C36A90FE-DFA8-414B-A8B6-F2BCF6B9B8BD/915944510,/player/C36A90FE-DFA8-414B-A8B6-F2BCF6B9B8BD/XX12952041,/player/C36A90FE-DFA8-414B-A8B6-F2BCF6B9B8BD/XX12926377,/player/C36A90FE-DFA8-414B-A8B6-F2BCF6B9B8BD/XX12921514
121,/player/C36A90FE-DFA8-414B-A8B6-F2BCF6B9B8BD/13179292,/player/C36A90FE-DFA8-414B-A8B6-F2BCF6B9B8BD/999999,/player/C36A90FE-DFA8-414B-A8B6-F2BCF6B9B8BD/XX12945755,/player/C36A90FE-DFA8-414B-A8B6-F2BCF6B9B8BD/XX12945725
122,/player/C36A90FE-DFA8-414B-A8B6-F2BCF6B9B8BD/XX12920697,/player/Karyee Chan,/player/C36A90FE-DFA8-414B-A8B6-F2BCF6B9B8BD/XX12956319,/player/C36A90FE-DFA8-414B-A8B6-F2BCF6B9B8BD/714
123,/player/Brendan Dinh,/player/C36A90FE-DFA8-414B-A8B6-F2BCF6B9B8BD/XX12932828,/player/C36A90FE-DFA8-414B-A8B6-F2BCF6B9B8BD/XX12952092,/player/C36A90FE-DFA8-414B-A8B6-F2BCF6B9B8BD/XX12951979
124,/player/C36A90FE-DFA8-414B-A8B6-F2BCF6B9B8BD/425113600,/player/C36A90FE-DFA8-414B-A8B6-F2BCF6B9B8BD/912683531,/player/C36A90FE-DFA8-414B-A8B6-F2BCF6B9B8BD/987654321,/player/C36A90FE-DFA8-414B-A8B6-F2BCF6B9B8BD/042599
125,/player/C36A90FE-DFA8-414B-A8B6-F2BCF6B9B8BD/696969696969696969,/player/C36A90FE-DFA8-414B-A8B6-F2BCF6B9B8BD/2035277,/player/C36A90FE-DFA8-414B-A8B6-F2BCF6B9B8BD/0123,/player/C36A90FE-DFA8-414B-A8B6-F2BCF6B9B8BD/Bettina+Dea
126,/player/Kenneth Chan,/player/Nancy Mei,/player/Nam Doan,/player/C36A90FE-DFA8-414B-A8B6-F2BCF6B9B8BD/XX12957955
127,/player/C36A90FE-DFA8-414B-A8B6-F2BCF6B9B8BD/X911953,/player/C36A90FE-DFA8-414B-A8B6-F2BCF6B9B8BD/MaiUkai2018,/player/C36A90FE-DFA8-414B-A8B6-F2BCF6B9B8BD/Ryan+T,/player/C36A90FE-DFA8-414B-A8B6-F2BCF6B9B8BD/mchow1121
128,/player/C36A90FE-DFA8-414B-A8B6-F2BCF6B9B8BD/XX12959954,/player/C36A90FE-DFA8-414B-A8B6-F2BCF6B9B8BD/2130,/player/Nam Doan,/player/C36A90FE-DFA8-414B-A8B6-F2BCF6B9B8BD/XX12957955
129,/player/C36A90FE-DFA8-414B-A8B6-F2BCF6B9B8BD/XX12960168,/player/C36A90FE-DFA8-414B-A8B6-F2BCF6B9B8BD/XX12946360,/player/C36A90FE-DFA8-414B-A8B6-F2BCF6B9B8BD/XX12941545,/player/Amber Low
130,/player/C36A90FE-DFA8-414B-A8B6-F2BCF6B9B8BD/401380,/player/C36A90FE-DFA8-414B-A8B6-F2BCF6B9B8BD/091695,/player/C36A90FE-DFA8-414B-A8B6-F2BCF6B9B8BD/XX12898643,/player/C36A90FE-DFA8-414B-A8B6-F2BCF6B9B8BD/824
131,/player/C36A90FE-DFA8-414B-A8B6-F2BCF6B9B8BD/2515434611522,/player/C36A90FE-DFA8-414B-A8B6-F2BCF6B9B8BD/XX12948948,/player/C36A90FE-DFA8-414B-A8B6-F2BCF6B9B8BD/662,/player/C36A90FE-DFA8-414B-A8B6-F2BCF6B9B8BD/2035412
132,/player/Kenneth Chan,/player/Nancy Mei,/player/C36A90FE-DFA8-414B-A8B6-F2BCF6B9B8BD/412313121,/player/C36A90FE-DFA8-414B-A8B6-F2BCF6B9B8BD/Toddpolezilla
133,/player/C36A90FE-DFA8-414B-A8B6-F2BCF6B9B8BD/12345678,/player/C36A90FE-DFA8-414B-A8B6-F2BCF6B9B8BD/110812345,/player/C36A90FE-DFA8-414B-A8B6-F2BCF6B9B8BD/13179292,/player/C36A90FE-DFA8-414B-A8B6-F2BCF6B9B8BD/999999
134,/player/C36A90FE-DFA8-414B-A8B6-F2BCF6B9B8BD/XX12941545,/player/Amber Low,/player/C36A90FE-DFA8-414B-A8B6-F2BCF6B9B8BD/425113600,/player/C36A90FE-DFA8-414B-A8B6-F2BCF6B9B8BD/912683531
135,/player/C36A90FE-DFA8-414B-A8B6-F2BCF6B9B8BD/696969696969696969,/player/C36A90FE-DFA8-414B-A8B6-F2BCF6B9B8BD/2035277,/player/Brendan Dinh,/player/C36A90FE-DFA8-414B-A8B6-F2BCF6B9B8BD/XX12932828
136,/player/C36A90FE-DFA8-414B-A8B6-F2BCF6B9B8BD/12345,/player/C36A90FE-DFA8-414B-A8B6-F2BCF6B9B8BD/cokoo,/player/C36A90FE-DFA8-414B-A8B6-F2BCF6B9B8BD/004121482,/player/C36A90FE-DFA8-414B-A8B6-F2BCF6B9B8BD/726
137,/player/C36A90FE-DFA8-414B-A8B6-F2BCF6B9B8BD/675456476465465,/player/C36A90FE-DFA8-414B-A8B6-F2BCF6B9B8BD/XX12949205,/player/C36A90FE-DFA8-414B-A8B6-F2BCF6B9B8BD/535534,/player/C36A90FE-DFA8-414B-A8B6-F2BCF6B9B8BD/3442
138,/player/C36A90FE-DFA8-414B-A8B6-F2BCF6B9B8BD/425113600,/player/C36A90FE-DFA8-414B-A8B6-F2BCF6B9B8BD/912683531,/player/C36A90FE-DFA8-414B-A8B6-F2BCF6B9B8BD/914274951,/player/C36A90FE-DFA8-414B-A8B6-F2BCF6B9B8BD/XX12951128
139,/player/C36A90FE-DFA8-414B-A8B6-F2BCF6B9B8BD/XX12954430,/player/C36A90FE-DFA8-414B-A8B6-F2BCF6B9B8BD/2032961,/player/C36A90FE-DFA8-414B-A8B6-F2BCF6B9B8BD/662,/player/C36A90FE-DFA8-414B-A8B6-F2BCF6B9B8BD/2035412
140,/player/C36A90FE-DFA8-414B-A8B6-F2BCF6B9B8BD/401380,/player/C36A90FE-DFA8-414B-A8B6-F2BCF6B9B8BD/091695,/player/C36A90FE-DFA8-414B-A8B6-F2BCF6B9B8BD/2515434611522,/player/C36A90FE-DFA8-414B-A8B6-F2BCF6B9B8BD/XX12948948
141,/player/C36A90FE-DFA8-414B-A8B6-F2BCF6B9B8BD/13179292,/player/C36A90FE-DFA8-414B-A8B6-F2BCF6B9B8BD/999999,/player/C36A90FE-DFA8-414B-A8B6-F2BCF6B9B8BD/71610235,/player/C36A90FE-DFA8-414B-A8B6-F2BCF6B9B8BD/katepaclibar
142,/player/C36A90FE-DFA8-414B-A8B6-F2BCF6B9B8BD/675456476465465,/player/C36A90FE-DFA8-414B-A8B6-F2BCF6B9B8BD/XX12949205,/player/C36A90FE-DFA8-414B-A8B6-F2BCF6B9B8BD/Peterrxb,/player/C36A90FE-DFA8-414B-A8B6-F2BCF6B9B8BD/12292000
143,/player/C36A90FE-DFA8-414B-A8B6-F2BCF6B9B8BD/69abc,/player/C36A90FE-DFA8-414B-A8B6-F2BCF6B9B8BD/XX12954589,/player/C36A90FE-DFA8-414B-A8B6-F2BCF6B9B8BD/XX12960261,/player/C36A90FE-DFA8-414B-A8B6-F2BCF6B9B8BD/XX12954731
144,/player/Kenneth Chan,/player/Nancy Mei,/player/C36A90FE-DFA8-414B-A8B6-F2BCF6B9B8BD/144,/player/C36A90FE-DFA8-414B-A8B6-F2BCF6B9B8BD/2033537
145,/player/C36A90FE-DFA8-414B-A8B6-F2BCF6B9B8BD/144,/player/C36A90FE-DFA8-414B-A8B6-F2BCF6B9B8BD/2033537,/player/C36A90FE-DFA8-414B-A8B6-F2BCF6B9B8BD/004121482,/player/C36A90FE-DFA8-414B-A8B6-F2BCF6B9B8BD/726
146,/player/C36A90FE-DFA8-414B-A8B6-F2BCF6B9B8BD/XX12920697,/player/Karyee Chan,/player/Brendan Dinh,/player/C36A90FE-DFA8-414B-A8B6-F2BCF6B9B8BD/XX12932828
147,/player/C36A90FE-DFA8-414B-A8B6-F2BCF6B9B8BD/2424,/player/C36A90FE-DFA8-414B-A8B6-F2BCF6B9B8BD/1019734,/player/C36A90FE-DFA8-414B-A8B6-F2BCF6B9B8BD/X911953,/player/C36A90FE-DFA8-414B-A8B6-F2BCF6B9B8BD/MaiUkai2018
148,/player/C36A90FE-DFA8-414B-A8B6-F2BCF6B9B8BD/XX12959954,/player/C36A90FE-DFA8-414B-A8B6-F2BCF6B9B8BD/2130,/player/C36A90FE-DFA8-414B-A8B6-F2BCF6B9B8BD/000,/player/C36A90FE-DFA8-414B-A8B6-F2BCF6B9B8BD/XX12954836
149,/player/C36A90FE-DFA8-414B-A8B6-F2BCF6B9B8BD/914274951,/player/C36A90FE-DFA8-414B-A8B6-F2BCF6B9B8BD/XX12951128,/player/C36A90FE-DFA8-414B-A8B6-F2BCF6B9B8BD/123123123,/player/C36A90FE-DFA8-414B-A8B6-F2BCF6B9B8BD/XX12954543
150,/player/C36A90FE-DFA8-414B-A8B6-F2BCF6B9B8BD/11428,/player/C36A90FE-DFA8-414B-A8B6-F2BCF6B9B8BD/47432,/player/C36A90FE-DFA8-414B-A8B6-F2BCF6B9B8BD/XX12928797,/player/C36A90FE-DFA8-414B-A8B6-F2BCF6B9B8BD/im.renee
151,/player/C36A90FE-DFA8-414B-A8B6-F2BCF6B9B8BD/XX12952092,/player/C36A90FE-DFA8-414B-A8B6-F2BCF6B9B8BD/XX12951979,/player/C36A90FE-DFA8-414B-A8B6-F2BCF6B9B8BD/XX12924044,/player/C36A90FE-DFA8-414B-A8B6-F2BCF6B9B8BD/char_lausy218
152,/player/C36A90FE-DFA8-414B-A8B6-F2BCF6B9B8BD/12345,/player/C36A90FE-DFA8-414B-A8B6-F2BCF6B9B8BD/cokoo,/player/C36A90FE-DFA8-414B-A8B6-F2BCF6B9B8BD/915944510,/player/C36A90FE-DFA8-414B-A8B6-F2BCF6B9B8BD/XX12952041
153,/player/C36A90FE-DFA8-414B-A8B6-F2BCF6B9B8BD/XX12954430,/player/C36A90FE-DFA8-414B-A8B6-F2BCF6B9B8BD/2032961,/player/C36A90FE-DFA8-414B-A8B6-F2BCF6B9B8BD/425113600,/player/C36A90FE-DFA8-414B-A8B6-F2BCF6B9B8BD/912683531
154,/player/C36A90FE-DFA8-414B-A8B6-F2BCF6B9B8BD/662,/player/C36A90FE-DFA8-414B-A8B6-F2BCF6B9B8BD/2035412,/player/C36A90FE-DFA8-414B-A8B6-F2BCF6B9B8BD/696969696969696969,/player/C36A90FE-DFA8-414B-A8B6-F2BCF6B9B8BD/2035277
155,/player/C36A90FE-DFA8-414B-A8B6-F2BCF6B9B8BD/535534,/player/C36A90FE-DFA8-414B-A8B6-F2BCF6B9B8BD/3442,/player/C36A90FE-DFA8-414B-A8B6-F2BCF6B9B8BD/2424,/player/C36A90FE-DFA8-414B-A8B6-F2BCF6B9B8BD/1019734
156,/player/C36A90FE-DFA8-414B-A8B6-F2BCF6B9B8BD/401380,/player/C36A90FE-DFA8-414B-A8B6-F2BCF6B9B8BD/091695,/player/C36A90FE-DFA8-414B-A8B6-F2BCF6B9B8BD/XX12954430,/player/C36A90FE-DFA8-414B-A8B6-F2BCF6B9B8BD/2032961
157,/player/C36A90FE-DFA8-414B-A8B6-F2BCF6B9B8BD/2515434611522,/player/C36A90FE-DFA8-414B-A8B6-F2BCF6B9B8BD/XX12948948,/player/C36A90FE-DFA8-414B-A8B6-F2BCF6B9B8BD/XX12898643,/player/C36A90FE-DFA8-414B-A8B6-F2BCF6B9B8BD/824
158,/player/C36A90FE-DFA8-414B-A8B6-F2BCF6B9B8BD/XX12959954,/player/C36A90FE-DFA8-414B-A8B6-F2BCF6B9B8BD/2130,/player/C36A90FE-DFA8-414B-A8B6-F2BCF6B9B8BD/12345678,/player/C36A90FE-DFA8-414B-A8B6-F2BCF6B9B8BD/110812345
159,/player/C36A90FE-DFA8-414B-A8B6-F2BCF6B9B8BD/696969696969696969,/player/C36A90FE-DFA8-414B-A8B6-F2BCF6B9B8BD/2035277,/player/C36A90FE-DFA8-414B-A8B6-F2BCF6B9B8BD/675456476465465,/player/C36A90FE-DFA8-414B-A8B6-F2BCF6B9B8BD/XX12949205
160,/player/C36A90FE-DFA8-414B-A8B6-F2BCF6B9B8BD/XX12920697,/player/Karyee Chan,/player/C36A90FE-DFA8-414B-A8B6-F2BCF6B9B8BD/915944510,/player/C36A90FE-DFA8-414B-A8B6-F2BCF6B9B8BD/XX12952041
161,/player/Nam Doan,/player/C36A90FE-DFA8-414B-A8B6-F2BCF6B9B8BD/XX12957955,/player/C36A90FE-DFA8-414B-A8B6-F2BCF6B9B8BD/12345,/player/C36A90FE-DFA8-414B-A8B6-F2BCF6B9B8BD/cokoo
162,/player/C36A90FE-DFA8-414B-A8B6-F2BCF6B9B8BD/535534,/player/C36A90FE-DFA8-414B-A8B6-F2BCF6B9B8BD/3442,/player/C36A90FE-DFA8-414B-A8B6-F2BCF6B9B8BD/Peterrxb,/player/C36A90FE-DFA8-414B-A8B6-F2BCF6B9B8BD/12292000
163,/player/C36A90FE-DFA8-414B-A8B6-F2BCF6B9B8BD/XX12941545,/player/Amber Low,/player/Johnjo Riguera,/player/Robin Chang
164,/player/C36A90FE-DFA8-414B-A8B6-F2BCF6B9B8BD/425113600,/player/C36A90FE-DFA8-414B-A8B6-F2BCF6B9B8BD/912683531,/player/C36A90FE-DFA8-414B-A8B6-F2BCF6B9B8BD/XX12926377,/player/C36A90FE-DFA8-414B-A8B6-F2BCF6B9B8BD/XX12921514
165,/player/C36A90FE-DFA8-414B-A8B6-F2BCF6B9B8BD/XX12898643,/player/C36A90FE-DFA8-414B-A8B6-F2BCF6B9B8BD/824,/player/C36A90FE-DFA8-414B-A8B6-F2BCF6B9B8BD/XX12960168,/player/C36A90FE-DFA8-414B-A8B6-F2BCF6B9B8BD/XX12946360
166,/player/Kenneth Chan,/player/Nancy Mei,/player/C36A90FE-DFA8-414B-A8B6-F2BCF6B9B8BD/XX12959954,/player/C36A90FE-DFA8-414B-A8B6-F2BCF6B9B8BD/2130
167,/player/Nam Doan,/player/C36A90FE-DFA8-414B-A8B6-F2BCF6B9B8BD/XX12957955,/player/C36A90FE-DFA8-414B-A8B6-F2BCF6B9B8BD/XX12920697,/player/Karyee Chan
168,/player/C36A90FE-DFA8-414B-A8B6-F2BCF6B9B8BD/401380,/player/C36A90FE-DFA8-414B-A8B6-F2BCF6B9B8BD/091695,/player/Kenneth Chan,/player/Nancy Mei
169,/player/C36A90FE-DFA8-414B-A8B6-F2BCF6B9B8BD/XX12954430,/player/C36A90FE-DFA8-414B-A8B6-F2BCF6B9B8BD/2032961,/player/C36A90FE-DFA8-414B-A8B6-F2BCF6B9B8BD/XX12898643,/player/C36A90FE-DFA8-414B-A8B6-F2BCF6B9B8BD/824
170,/player/C36A90FE-DFA8-414B-A8B6-F2BCF6B9B8BD/662,/player/C36A90FE-DFA8-414B-A8B6-F2BCF6B9B8BD/2035412,/player/C36A90FE-DFA8-414B-A8B6-F2BCF6B9B8BD/401380,/player/C36A90FE-DFA8-414B-A8B6-F2BCF6B9B8BD/091695
171,/player/C36A90FE-DFA8-414B-A8B6-F2BCF6B9B8BD/XX12954430,/player/C36A90FE-DFA8-414B-A8B6-F2BCF6B9B8BD/2032961,/player/C36A90FE-DFA8-414B-A8B6-F2BCF6B9B8BD/XX12898643,/player/C36A90FE-DFA8-414B-A8B6-F2BCF6B9B8BD/824
172,/player/C36A90FE-DFA8-414B-A8B6-F2BCF6B9B8BD/144,/player/C36A90FE-DFA8-414B-A8B6-F2BCF6B9B8BD/2033537,/player/C36A90FE-DFA8-414B-A8B6-F2BCF6B9B8BD/12345,/player/C36A90FE-DFA8-414B-A8B6-F2BCF6B9B8BD/cokoo
173,/player/C36A90FE-DFA8-414B-A8B6-F2BCF6B9B8BD/13179292,/player/C36A90FE-DFA8-414B-A8B6-F2BCF6B9B8BD/999999,/player/C36A90FE-DFA8-414B-A8B6-F2BCF6B9B8BD/XX12920697,/player/Karyee Chan
174,/player/C36A90FE-DFA8-414B-A8B6-F2BCF6B9B8BD/XX12959954,/player/C36A90FE-DFA8-414B-A8B6-F2BCF6B9B8BD/2130,/player/C36A90FE-DFA8-414B-A8B6-F2BCF6B9B8BD/2424,/player/C36A90FE-DFA8-414B-A8B6-F2BCF6B9B8BD/1019734
175,/player/C36A90FE-DFA8-414B-A8B6-F2BCF6B9B8BD/675456476465465,/player/C36A90FE-DFA8-414B-A8B6-F2BCF6B9B8BD/XX12949205,/player/C36A90FE-DFA8-414B-A8B6-F2BCF6B9B8BD/914274951,/player/C36A90FE-DFA8-414B-A8B6-F2BCF6B9B8BD/XX12951128
176,/player/C36A90FE-DFA8-414B-A8B6-F2BCF6B9B8BD/11428,/player/C36A90FE-DFA8-414B-A8B6-F2BCF6B9B8BD/47432,/player/C36A90FE-DFA8-414B-A8B6-F2BCF6B9B8BD/XX12926377,/player/C36A90FE-DFA8-414B-A8B6-F2BCF6B9B8BD/XX12921514
177,/player/C36A90FE-DFA8-414B-A8B6-F2BCF6B9B8BD/lucbui10,/player/C36A90FE-DFA8-414B-A8B6-F2BCF6B9B8BD/VanessaDINH,/player/C36A90FE-DFA8-414B-A8B6-F2BCF6B9B8BD/XX12952092,/player/C36A90FE-DFA8-414B-A8B6-F2BCF6B9B8BD/XX12951979
178,/player/C36A90FE-DFA8-414B-A8B6-F2BCF6B9B8BD/69abc,/player/C36A90FE-DFA8-414B-A8B6-F2BCF6B9B8BD/XX12954589,/player/C36A90FE-DFA8-414B-A8B6-F2BCF6B9B8BD/jjonak1134,/player/C36A90FE-DFA8-414B-A8B6-F2BCF6B9B8BD/NataleeL12
179,/player/C36A90FE-DFA8-414B-A8B6-F2BCF6B9B8BD/425113600,/player/C36A90FE-DFA8-414B-A8B6-F2BCF6B9B8BD/912683531,/player/C36A90FE-DFA8-414B-A8B6-F2BCF6B9B8BD/XX12941545,/player/Amber Low
180,/player/C36A90FE-DFA8-414B-A8B6-F2BCF6B9B8BD/662,/player/C36A90FE-DFA8-414B-A8B6-F2BCF6B9B8BD/2035412,/player/C36A90FE-DFA8-414B-A8B6-F2BCF6B9B8BD/XX12898643,/player/C36A90FE-DFA8-414B-A8B6-F2BCF6B9B8BD/824
181,/player/C36A90FE-DFA8-414B-A8B6-F2BCF6B9B8BD/XX12954430,/player/C36A90FE-DFA8-414B-A8B6-F2BCF6B9B8BD/2032961,/player/C36A90FE-DFA8-414B-A8B6-F2BCF6B9B8BD/2515434611522,/player/C36A90FE-DFA8-414B-A8B6-F2BCF6B9B8BD/XX12948948
182,/player/C36A90FE-DFA8-414B-A8B6-F2BCF6B9B8BD/696969696969696969,/player/C36A90FE-DFA8-414B-A8B6-F2BCF6B9B8BD/2035277,/player/C36A90FE-DFA8-414B-A8B6-F2BCF6B9B8BD/XX12941545,/player/Amber Low
183,/player/C36A90FE-DFA8-414B-A8B6-F2BCF6B9B8BD/535534,/player/C36A90FE-DFA8-414B-A8B6-F2BCF6B9B8BD/3442,/player/C36A90FE-DFA8-414B-A8B6-F2BCF6B9B8BD/425113600,/player/C36A90FE-DFA8-414B-A8B6-F2BCF6B9B8BD/912683531
184,/player/C36A90FE-DFA8-414B-A8B6-F2BCF6B9B8BD/144,/player/C36A90FE-DFA8-414B-A8B6-F2BCF6B9B8BD/2033537,/player/C36A90FE-DFA8-414B-A8B6-F2BCF6B9B8BD/13179292,/player/C36A90FE-DFA8-414B-A8B6-F2BCF6B9B8BD/999999
185,/player/C36A90FE-DFA8-414B-A8B6-F2BCF6B9B8BD/675456476465465,/player/C36A90FE-DFA8-414B-A8B6-F2BCF6B9B8BD/XX12949205,/player/C36A90FE-DFA8-414B-A8B6-F2BCF6B9B8BD/XX12959954,/player/C36A90FE-DFA8-414B-A8B6-F2BCF6B9B8BD/2130
186,/player/C36A90FE-DFA8-414B-A8B6-F2BCF6B9B8BD/lucbui10,/player/C36A90FE-DFA8-414B-A8B6-F2BCF6B9B8BD/VanessaDINH,/player/C36A90FE-DFA8-414B-A8B6-F2BCF6B9B8BD/11428,/player/C36A90FE-DFA8-414B-A8B6-F2BCF6B9B8BD/47432
187,/player/C36A90FE-DFA8-414B-A8B6-F2BCF6B9B8BD/000,/player/C36A90FE-DFA8-414B-A8B6-F2BCF6B9B8BD/XX12954836,/player/C36A90FE-DFA8-414B-A8B6-F2BCF6B9B8BD/69abc,/player/C36A90FE-DFA8-414B-A8B6-F2BCF6B9B8BD/XX12954589
188,/player/C36A90FE-DFA8-414B-A8B6-F2BCF6B9B8BD/662,/player/C36A90FE-DFA8-414B-A8B6-F2BCF6B9B8BD/2035412,/player/C36A90FE-DFA8-414B-A8B6-F2BCF6B9B8BD/401380,/player/C36A90FE-DFA8-414B-A8B6-F2BCF6B9B8BD/091695
189,/player/C36A90FE-DFA8-414B-A8B6-F2BCF6B9B8BD/0123,/player/C36A90FE-DFA8-414B-A8B6-F2BCF6B9B8BD/Bettina+Dea,/player/Nam Doan,/player/C36A90FE-DFA8-414B-A8B6-F2BCF6B9B8BD/XX12957955
190,/player/Kenneth Chan,/player/Nancy Mei,/player/C36A90FE-DFA8-414B-A8B6-F2BCF6B9B8BD/696969696969696969,/player/C36A90FE-DFA8-414B-A8B6-F2BCF6B9B8BD/2035277
191,/player/C36A90FE-DFA8-414B-A8B6-F2BCF6B9B8BD/535534,/player/C36A90FE-DFA8-414B-A8B6-F2BCF6B9B8BD/3442,/player/Nam Doan,/player/C36A90FE-DFA8-414B-A8B6-F2BCF6B9B8BD/XX12957955
192,/player/C36A90FE-DFA8-414B-A8B6-F2BCF6B9B8BD/662,/player/C36A90FE-DFA8-414B-A8B6-F2BCF6B9B8BD/2035412,/player/C36A90FE-DFA8-414B-A8B6-F2BCF6B9B8BD/XX12954430,/player/C36A90FE-DFA8-414B-A8B6-F2BCF6B9B8BD/2032961
193,/player/C36A90FE-DFA8-414B-A8B6-F2BCF6B9B8BD/0123,/player/C36A90FE-DFA8-414B-A8B6-F2BCF6B9B8BD/Bettina+Dea,/player/C36A90FE-DFA8-414B-A8B6-F2BCF6B9B8BD/425113600,/player/C36A90FE-DFA8-414B-A8B6-F2BCF6B9B8BD/912683531
194,/player/C36A90FE-DFA8-414B-A8B6-F2BCF6B9B8BD/675456476465465,/player/C36A90FE-DFA8-414B-A8B6-F2BCF6B9B8BD/XX12949205,/player/C36A90FE-DFA8-414B-A8B6-F2BCF6B9B8BD/144,/player/C36A90FE-DFA8-414B-A8B6-F2BCF6B9B8BD/2033537
195,/player/C36A90FE-DFA8-414B-A8B6-F2BCF6B9B8BD/lucbui10,/player/C36A90FE-DFA8-414B-A8B6-F2BCF6B9B8BD/VanessaDINH,/player/C36A90FE-DFA8-414B-A8B6-F2BCF6B9B8BD/000,/player/C36A90FE-DFA8-414B-A8B6-F2BCF6B9B8BD/XX12954836
196,/player/C36A90FE-DFA8-414B-A8B6-F2BCF6B9B8BD/XX12888633,/player/C36A90FE-DFA8-414B-A8B6-F2BCF6B9B8BD/XX12957823,/player/C36A90FE-DFA8-414B-A8B6-F2BCF6B9B8BD/XX12945531,/player/C36A90FE-DFA8-414B-A8B6-F2BCF6B9B8BD/XX12932993
197,/player/Erbin Simbolon,/player/Jack Simbolon,/player/C36A90FE-DFA8-414B-A8B6-F2BCF6B9B8BD/XX12960261,/player/C36A90FE-DFA8-414B-A8B6-F2BCF6B9B8BD/12075180
198,/player/C36A90FE-DFA8-414B-A8B6-F2BCF6B9B8BD/12345678,/player/C36A90FE-DFA8-414B-A8B6-F2BCF6B9B8BD/2033532,/player/C36A90FE-DFA8-414B-A8B6-F2BCF6B9B8BD/123123123,/player/C36A90FE-DFA8-414B-A8B6-F2BCF6B9B8BD/XX12960076
199,/player/C36A90FE-DFA8-414B-A8B6-F2BCF6B9B8BD/XX12954978,/player/C36A90FE-DFA8-414B-A8B6-F2BCF6B9B8BD/XX12931388,/player/C36A90FE-DFA8-414B-A8B6-F2BCF6B9B8BD/01191990,/player/C36A90FE-DFA8-414B-A8B6-F2BCF6B9B8BD/4560
200,/player/C36A90FE-DFA8-414B-A8B6-F2BCF6B9B8BD/clementhoang,/player/C36A90FE-DFA8-414B-A8B6-F2BCF6B9B8BD/A00,/player/C36A90FE-DFA8-414B-A8B6-F2BCF6B9B8BD/XX12930442,/player/C36A90FE-DFA8-414B-A8B6-F2BCF6B9B8BD/XX12949460
201,/player/James Huynh,/player/C36A90FE-DFA8-414B-A8B6-F2BCF6B9B8BD/12345,/player/C36A90FE-DFA8-414B-A8B6-F2BCF6B9B8BD/98590,/player/Domenick Owen Wuu
202,/player/C36A90FE-DFA8-414B-A8B6-F2BCF6B9B8BD/Peterrxb,/player/C36A90FE-DFA8-414B-A8B6-F2BCF6B9B8BD/535534,/player/C36A90FE-DFA8-414B-A8B6-F2BCF6B9B8BD/XX12960116,/player/C36A90FE-DFA8-414B-A8B6-F2BCF6B9B8BD/XX12959929
203,/player/C36A90FE-DFA8-414B-A8B6-F2BCF6B9B8BD/XX12957842,/player/C36A90FE-DFA8-414B-A8B6-F2BCF6B9B8BD/XX12957571,/player/C36A90FE-DFA8-414B-A8B6-F2BCF6B9B8BD/XX12945591,/player/C36A90FE-DFA8-414B-A8B6-F2BCF6B9B8BD/XX12945563
204,/player/C36A90FE-DFA8-414B-A8B6-F2BCF6B9B8BD/2424,/player/C36A90FE-DFA8-414B-A8B6-F2BCF6B9B8BD/Tobyyu,/player/C36A90FE-DFA8-414B-A8B6-F2BCF6B9B8BD/XX12945716,/player/C36A90FE-DFA8-414B-A8B6-F2BCF6B9B8BD/BC3217
205,/player/C36A90FE-DFA8-414B-A8B6-F2BCF6B9B8BD/XX12954803,/player/C36A90FE-DFA8-414B-A8B6-F2BCF6B9B8BD/XX12949734,/player/C36A90FE-DFA8-414B-A8B6-F2BCF6B9B8BD/ZBTC,/player/C36A90FE-DFA8-414B-A8B6-F2BCF6B9B8BD/1019531
206,/player/C36A90FE-DFA8-414B-A8B6-F2BCF6B9B8BD/914274951,/player/C36A90FE-DFA8-414B-A8B6-F2BCF6B9B8BD/Jaron+Huang,/player/C36A90FE-DFA8-414B-A8B6-F2BCF6B9B8BD/XX12983118,/player/C36A90FE-DFA8-414B-A8B6-F2BCF6B9B8BD/XX12983326
207,/player/C36A90FE-DFA8-414B-A8B6-F2BCF6B9B8BD/13179292,/player/C36A90FE-DFA8-414B-A8B6-F2BCF6B9B8BD/XX12960065,/player/C36A90FE-DFA8-414B-A8B6-F2BCF6B9B8BD/XX12949111,/player/C36A90FE-DFA8-414B-A8B6-F2BCF6B9B8BD/XX12949707
208,/player/C36A90FE-DFA8-414B-A8B6-F2BCF6B9B8BD/XX12932299,/player/C36A90FE-DFA8-414B-A8B6-F2BCF6B9B8BD/XX12932358,/player/Tim Li,/player/C36A90FE-DFA8-414B-A8B6-F2BCF6B9B8BD/XX12937257
209,/player/C36A90FE-DFA8-414B-A8B6-F2BCF6B9B8BD/2034181,/player/C36A90FE-DFA8-414B-A8B6-F2BCF6B9B8BD/XX12954622,/player/C36A90FE-DFA8-414B-A8B6-F2BCF6B9B8BD/XX12960139,/player/C36A90FE-DFA8-414B-A8B6-F2BCF6B9B8BD/iSmash08
210,/player/C36A90FE-DFA8-414B-A8B6-F2BCF6B9B8BD/123456789101,/player/C36A90FE-DFA8-414B-A8B6-F2BCF6B9B8BD/5109286839,/player/C36A90FE-DFA8-414B-A8B6-F2BCF6B9B8BD/000,/player/C36A90FE-DFA8-414B-A8B6-F2BCF6B9B8BD/912971557
211,/player/C36A90FE-DFA8-414B-A8B6-F2BCF6B9B8BD/XX12959954,/player/C36A90FE-DFA8-414B-A8B6-F2BCF6B9B8BD/XX12958198,/player/C36A90FE-DFA8-414B-A8B6-F2BCF6B9B8BD/XX12945591,/player/C36A90FE-DFA8-414B-A8B6-F2BCF6B9B8BD/XX12945563
212,/player/Kevin Kwan,/player/C36A90FE-DFA8-414B-A8B6-F2BCF6B9B8BD/47106,/player/Travis Huynh,/player/Kevin Tran
213,/player/C36A90FE-DFA8-414B-A8B6-F2BCF6B9B8BD/XX12956554,/player/C36A90FE-DFA8-414B-A8B6-F2BCF6B9B8BD/5103660464,/player/C36A90FE-DFA8-414B-A8B6-F2BCF6B9B8BD/clementhoang,/player/C36A90FE-DFA8-414B-A8B6-F2BCF6B9B8BD/A00
214,/player/C36A90FE-DFA8-414B-A8B6-F2BCF6B9B8BD/2036052,/player/C36A90FE-DFA8-414B-A8B6-F2BCF6B9B8BD/00676,/player/C36A90FE-DFA8-414B-A8B6-F2BCF6B9B8BD/XX12930442,/player/C36A90FE-DFA8-414B-A8B6-F2BCF6B9B8BD/XX12949460
215,/player/Erbin Simbolon,/player/Jack Simbolon,/player/Howard Huang,/player/Henrik Lee
216,/player/C36A90FE-DFA8-414B-A8B6-F2BCF6B9B8BD/XX12988109,/player/C36A90FE-DFA8-414B-A8B6-F2BCF6B9B8BD/20170825,/player/Kevin Nguyen,/player/Rohan Rawat
217,/player/Nelvin Lo,/player/Steven Tom Nguyen,/player/C36A90FE-DFA8-414B-A8B6-F2BCF6B9B8BD/8006315,/player/C36A90FE-DFA8-414B-A8B6-F2BCF6B9B8BD/06182001
218,/player/C36A90FE-DFA8-414B-A8B6-F2BCF6B9B8BD/XX12981303,/player/C36A90FE-DFA8-414B-A8B6-F2BCF6B9B8BD/47410,/player/C36A90FE-DFA8-414B-A8B6-F2BCF6B9B8BD/XX12949425,/player/C36A90FE-DFA8-414B-A8B6-F2BCF6B9B8BD/XX12955056
219,/player/C36A90FE-DFA8-414B-A8B6-F2BCF6B9B8BD/412313121,/player/C36A90FE-DFA8-414B-A8B6-F2BCF6B9B8BD/425113600,/player/C36A90FE-DFA8-414B-A8B6-F2BCF6B9B8BD/Peterrxb,/player/C36A90FE-DFA8-414B-A8B6-F2BCF6B9B8BD/535534
220,/player/C36A90FE-DFA8-414B-A8B6-F2BCF6B9B8BD/lucbui10,/player/C36A90FE-DFA8-414B-A8B6-F2BCF6B9B8BD/Khoihuynh,/player/C36A90FE-DFA8-414B-A8B6-F2BCF6B9B8BD/0750,/player/Thomas Yu
221,/player/C36A90FE-DFA8-414B-A8B6-F2BCF6B9B8BD/XX12960288,/player/C36A90FE-DFA8-414B-A8B6-F2BCF6B9B8BD/915944510,/player/C36A90FE-DFA8-414B-A8B6-F2BCF6B9B8BD/non,/player/C36A90FE-DFA8-414B-A8B6-F2BCF6B9B8BD/251934
222,/player/C36A90FE-DFA8-414B-A8B6-F2BCF6B9B8BD/47381,/player/C36A90FE-DFA8-414B-A8B6-F2BCF6B9B8BD/2034197,/player/Vila Chaiyasith,/player/Chai Saephan
223,/player/C36A90FE-DFA8-414B-A8B6-F2BCF6B9B8BD/98590,/player/Domenick Owen Wuu,/player/C36A90FE-DFA8-414B-A8B6-F2BCF6B9B8BD/001,/player/C36A90FE-DFA8-414B-A8B6-F2BCF6B9B8BD/XX12960409
224,/player/C36A90FE-DFA8-414B-A8B6-F2BCF6B9B8BD/2424,/player/C36A90FE-DFA8-414B-A8B6-F2BCF6B9B8BD/Tobyyu,/player/C36A90FE-DFA8-414B-A8B6-F2BCF6B9B8BD/XX12886455,/player/C36A90FE-DFA8-414B-A8B6-F2BCF6B9B8BD/915200173
225,/player/C36A90FE-DFA8-414B-A8B6-F2BCF6B9B8BD/52616,/player/C36A90FE-DFA8-414B-A8B6-F2BCF6B9B8BD/041903,/player/C36A90FE-DFA8-414B-A8B6-F2BCF6B9B8BD/XX12945531,/player/C36A90FE-DFA8-414B-A8B6-F2BCF6B9B8BD/XX12932993
226,/player/C36A90FE-DFA8-414B-A8B6-F2BCF6B9B8BD/123123123,/player/C36A90FE-DFA8-414B-A8B6-F2BCF6B9B8BD/XX12960076,/player/C36A90FE-DFA8-414B-A8B6-F2BCF6B9B8BD/XX12960139,/player/C36A90FE-DFA8-414B-A8B6-F2BCF6B9B8BD/iSmash08
227,/player/Brendan Dinh,/player/Jonathan Hsu,/player/C36A90FE-DFA8-414B-A8B6-F2BCF6B9B8BD/XX12949223,/player/C36A90FE-DFA8-414B-A8B6-F2BCF6B9B8BD/XX12949215
228,/player/C36A90FE-DFA8-414B-A8B6-F2BCF6B9B8BD/XX12956554,/player/C36A90FE-DFA8-414B-A8B6-F2BCF6B9B8BD/5103660464,/player/Brendan Dinh,/player/Jonathan Hsu
229,/player/C36A90FE-DFA8-414B-A8B6-F2BCF6B9B8BD/0750,/player/Thomas Yu,/player/C36A90FE-DFA8-414B-A8B6-F2BCF6B9B8BD/8006315,/player/C36A90FE-DFA8-414B-A8B6-F2BCF6B9B8BD/06182001
230,/player/C36A90FE-DFA8-414B-A8B6-F2BCF6B9B8BD/XX12983118,/player/C36A90FE-DFA8-414B-A8B6-F2BCF6B9B8BD/XX12983326,/player/Travis Huynh,/player/Kevin Tran
231,/player/C36A90FE-DFA8-414B-A8B6-F2BCF6B9B8BD/13179292,/player/C36A90FE-DFA8-414B-A8B6-F2BCF6B9B8BD/XX12960065,/player/Jairren Tominez,/player/Lada Yang
232,/player/C36A90FE-DFA8-414B-A8B6-F2BCF6B9B8BD/914274951,/player/C36A90FE-DFA8-414B-A8B6-F2BCF6B9B8BD/Jaron+Huang,/player/C36A90FE-DFA8-414B-A8B6-F2BCF6B9B8BD/XX12945716,/player/C36A90FE-DFA8-414B-A8B6-F2BCF6B9B8BD/BC3217
233,/player/C36A90FE-DFA8-414B-A8B6-F2BCF6B9B8BD/01191990,/player/C36A90FE-DFA8-414B-A8B6-F2BCF6B9B8BD/4560,/player/Kevin Nguyen,/player/Rohan Rawat
234,/player/C36A90FE-DFA8-414B-A8B6-F2BCF6B9B8BD/lucbui10,/player/C36A90FE-DFA8-414B-A8B6-F2BCF6B9B8BD/Khoihuynh,/player/C36A90FE-DFA8-414B-A8B6-F2BCF6B9B8BD/XX12930100,/player/C36A90FE-DFA8-414B-A8B6-F2BCF6B9B8BD/XX12929972
235,/player/C36A90FE-DFA8-414B-A8B6-F2BCF6B9B8BD/XX12954803,/player/C36A90FE-DFA8-414B-A8B6-F2BCF6B9B8BD/XX12949734,/player/C36A90FE-DFA8-414B-A8B6-F2BCF6B9B8BD/XX12930768,/player/C36A90FE-DFA8-414B-A8B6-F2BCF6B9B8BD/69abc
236,/player/C36A90FE-DFA8-414B-A8B6-F2BCF6B9B8BD/XX12956873,/player/C36A90FE-DFA8-414B-A8B6-F2BCF6B9B8BD/XX12949601,/player/C36A90FE-DFA8-414B-A8B6-F2BCF6B9B8BD/jjonak1134,/player/C36A90FE-DFA8-414B-A8B6-F2BCF6B9B8BD/14321
237,/player/C36A90FE-DFA8-414B-A8B6-F2BCF6B9B8BD/XX12946360,/player/C36A90FE-DFA8-414B-A8B6-F2BCF6B9B8BD/XX12957955,/player/C36A90FE-DFA8-414B-A8B6-F2BCF6B9B8BD/XX12949111,/player/C36A90FE-DFA8-414B-A8B6-F2BCF6B9B8BD/XX12949707
238,/player/C36A90FE-DFA8-414B-A8B6-F2BCF6B9B8BD/1019354,/player/C36A90FE-DFA8-414B-A8B6-F2BCF6B9B8BD/0597,/player/C36A90FE-DFA8-414B-A8B6-F2BCF6B9B8BD/000,/player/C36A90FE-DFA8-414B-A8B6-F2BCF6B9B8BD/912971557
239,/player/C36A90FE-DFA8-414B-A8B6-F2BCF6B9B8BD/47381,/player/C36A90FE-DFA8-414B-A8B6-F2BCF6B9B8BD/2034197,/player/C36A90FE-DFA8-414B-A8B6-F2BCF6B9B8BD/XX12960261,/player/C36A90FE-DFA8-414B-A8B6-F2BCF6B9B8BD/12075180
240,/player/C36A90FE-DFA8-414B-A8B6-F2BCF6B9B8BD/XX12960288,/player/C36A90FE-DFA8-414B-A8B6-F2BCF6B9B8BD/915944510,/player/C36A90FE-DFA8-414B-A8B6-F2BCF6B9B8BD/XX12957660,/player/C36A90FE-DFA8-414B-A8B6-F2BCF6B9B8BD/N___A
241,/player/C36A90FE-DFA8-414B-A8B6-F2BCF6B9B8BD/MagEno,/player/C36A90FE-DFA8-414B-A8B6-F2BCF6B9B8BD/XX12924044,/player/Jot Sidhu,/player/C36A90FE-DFA8-414B-A8B6-F2BCF6B9B8BD/XX12921282
242,/player/C36A90FE-DFA8-414B-A8B6-F2BCF6B9B8BD/XX12951128,/player/C36A90FE-DFA8-414B-A8B6-F2BCF6B9B8BD/MaiUkai2018,/player/C36A90FE-DFA8-414B-A8B6-F2BCF6B9B8BD/XX12957717,/player/C36A90FE-DFA8-414B-A8B6-F2BCF6B9B8BD/XX12957676
243,/player/C36A90FE-DFA8-414B-A8B6-F2BCF6B9B8BD/XX12960168,/player/Johnjo Riguera,/player/C36A90FE-DFA8-414B-A8B6-F2BCF6B9B8BD/clementhoang,/player/C36A90FE-DFA8-414B-A8B6-F2BCF6B9B8BD/A00
244,/player/C36A90FE-DFA8-414B-A8B6-F2BCF6B9B8BD/XX12988802,/player/C36A90FE-DFA8-414B-A8B6-F2BCF6B9B8BD/XX12959615,/player/C36A90FE-DFA8-414B-A8B6-F2BCF6B9B8BD/XX12886455,/player/C36A90FE-DFA8-414B-A8B6-F2BCF6B9B8BD/915200173
245,/player/Robin Chang,/player/C36A90FE-DFA8-414B-A8B6-F2BCF6B9B8BD/XX12952041,/player/C36A90FE-DFA8-414B-A8B6-F2BCF6B9B8BD/Maithili2004,/player/C36A90FE-DFA8-414B-A8B6-F2BCF6B9B8BD/ankie1022
246,/player/Negar Hosseini,/player/C36A90FE-DFA8-414B-A8B6-F2BCF6B9B8BD/XX12945595,/player/C36A90FE-DFA8-414B-A8B6-F2BCF6B9B8BD/XX12960212,/player/C36A90FE-DFA8-414B-A8B6-F2BCF6B9B8BD/XX12959904
247,/player/C36A90FE-DFA8-414B-A8B6-F2BCF6B9B8BD/110812345,/player/C36A90FE-DFA8-414B-A8B6-F2BCF6B9B8BD/2130,/player/C36A90FE-DFA8-414B-A8B6-F2BCF6B9B8BD/XX12954985,/player/C36A90FE-DFA8-414B-A8B6-F2BCF6B9B8BD/XX12954975
248,/player/C36A90FE-DFA8-414B-A8B6-F2BCF6B9B8BD/XX12985434,/player/C36A90FE-DFA8-414B-A8B6-F2BCF6B9B8BD/Melody,/player/C36A90FE-DFA8-414B-A8B6-F2BCF6B9B8BD/mchow1121,/player/C36A90FE-DFA8-414B-A8B6-F2BCF6B9B8BD/853010
249,/player/C36A90FE-DFA8-414B-A8B6-F2BCF6B9B8BD/VanessaDINH,/player/C36A90FE-DFA8-414B-A8B6-F2BCF6B9B8BD/12292000,/player/C36A90FE-DFA8-414B-A8B6-F2BCF6B9B8BD/char_lausy218,/player/C36A90FE-DFA8-414B-A8B6-F2BCF6B9B8BD/kiran0901
250,/player/C36A90FE-DFA8-414B-A8B6-F2BCF6B9B8BD/XX12957478,/player/Kenneth Chan,/player/C36A90FE-DFA8-414B-A8B6-F2BCF6B9B8BD/XX12888633,/player/C36A90FE-DFA8-414B-A8B6-F2BCF6B9B8BD/XX12957823
251,/player/C36A90FE-DFA8-414B-A8B6-F2BCF6B9B8BD/2424,/player/C36A90FE-DFA8-414B-A8B6-F2BCF6B9B8BD/Tobyyu,/player/C36A90FE-DFA8-414B-A8B6-F2BCF6B9B8BD/XX12954803,/player/C36A90FE-DFA8-414B-A8B6-F2BCF6B9B8BD/XX12949734
252,/player/C36A90FE-DFA8-414B-A8B6-F2BCF6B9B8BD/914274951,/player/C36A90FE-DFA8-414B-A8B6-F2BCF6B9B8BD/Jaron+Huang,/player/C36A90FE-DFA8-414B-A8B6-F2BCF6B9B8BD/0961,/player/C36A90FE-DFA8-414B-A8B6-F2BCF6B9B8BD/1000
253,/player/C36A90FE-DFA8-414B-A8B6-F2BCF6B9B8BD/13179292,/player/C36A90FE-DFA8-414B-A8B6-F2BCF6B9B8BD/XX12960065,/player/C36A90FE-DFA8-414B-A8B6-F2BCF6B9B8BD/XX12932299,/player/C36A90FE-DFA8-414B-A8B6-F2BCF6B9B8BD/XX12932358
254,/player/C36A90FE-DFA8-414B-A8B6-F2BCF6B9B8BD/XX12988802,/player/C36A90FE-DFA8-414B-A8B6-F2BCF6B9B8BD/XX12959615,/player/Erbin Simbolon,/player/Jack Simbolon
255,/player/C36A90FE-DFA8-414B-A8B6-F2BCF6B9B8BD/12345678,/player/C36A90FE-DFA8-414B-A8B6-F2BCF6B9B8BD/2033532,/player/C36A90FE-DFA8-414B-A8B6-F2BCF6B9B8BD/XX12956873,/player/C36A90FE-DFA8-414B-A8B6-F2BCF6B9B8BD/XX12949601
256,/player/C36A90FE-DFA8-414B-A8B6-F2BCF6B9B8BD/XX12940564,/player/C36A90FE-DFA8-414B-A8B6-F2BCF6B9B8BD/123456789123456789,/player/C36A90FE-DFA8-414B-A8B6-F2BCF6B9B8BD/XX12954978,/player/C36A90FE-DFA8-414B-A8B6-F2BCF6B9B8BD/XX12931388
257,/player/Kevin Kwan,/player/C36A90FE-DFA8-414B-A8B6-F2BCF6B9B8BD/47106,/player/C36A90FE-DFA8-414B-A8B6-F2BCF6B9B8BD/XX12959954,/player/C36A90FE-DFA8-414B-A8B6-F2BCF6B9B8BD/XX12958198
258,/player/C36A90FE-DFA8-414B-A8B6-F2BCF6B9B8BD/XX12988109,/player/C36A90FE-DFA8-414B-A8B6-F2BCF6B9B8BD/20170825,/player/C36A90FE-DFA8-414B-A8B6-F2BCF6B9B8BD/2036052,/player/C36A90FE-DFA8-414B-A8B6-F2BCF6B9B8BD/00676
259,/player/C36A90FE-DFA8-414B-A8B6-F2BCF6B9B8BD/XX12981303,/player/C36A90FE-DFA8-414B-A8B6-F2BCF6B9B8BD/47410,/player/Nelvin Lo,/player/Steven Tom Nguyen
260,/player/C36A90FE-DFA8-414B-A8B6-F2BCF6B9B8BD/412313121,/player/C36A90FE-DFA8-414B-A8B6-F2BCF6B9B8BD/425113600,/player/C36A90FE-DFA8-414B-A8B6-F2BCF6B9B8BD/lucbui10,/player/C36A90FE-DFA8-414B-A8B6-F2BCF6B9B8BD/Khoihuynh
261,/player/Nancy Mei,/player/C36A90FE-DFA8-414B-A8B6-F2BCF6B9B8BD/aoiashoda,/player/C36A90FE-DFA8-414B-A8B6-F2BCF6B9B8BD/2035277,/player/C36A90FE-DFA8-414B-A8B6-F2BCF6B9B8BD/912683531
262,/player/C36A90FE-DFA8-414B-A8B6-F2BCF6B9B8BD/XX12946360,/player/C36A90FE-DFA8-414B-A8B6-F2BCF6B9B8BD/XX12957955,/player/C36A90FE-DFA8-414B-A8B6-F2BCF6B9B8BD/001,/player/C36A90FE-DFA8-414B-A8B6-F2BCF6B9B8BD/XX12960409
263,/player/C36A90FE-DFA8-414B-A8B6-F2BCF6B9B8BD/XX12960249,/player/C36A90FE-DFA8-414B-A8B6-F2BCF6B9B8BD/2035738,/player/C36A90FE-DFA8-414B-A8B6-F2BCF6B9B8BD/XX12960288,/player/C36A90FE-DFA8-414B-A8B6-F2BCF6B9B8BD/915944510
264,/player/C36A90FE-DFA8-414B-A8B6-F2BCF6B9B8BD/47381,/player/C36A90FE-DFA8-414B-A8B6-F2BCF6B9B8BD/2034197,/player/C36A90FE-DFA8-414B-A8B6-F2BCF6B9B8BD/XX12956554,/player/C36A90FE-DFA8-414B-A8B6-F2BCF6B9B8BD/5103660464
265,/player/Pho Le,/player/Nhan Ton,/player/James Huynh,/player/C36A90FE-DFA8-414B-A8B6-F2BCF6B9B8BD/12345
266,/player/C36A90FE-DFA8-414B-A8B6-F2BCF6B9B8BD/Peterrxb,/player/C36A90FE-DFA8-414B-A8B6-F2BCF6B9B8BD/535534,/player/C36A90FE-DFA8-414B-A8B6-F2BCF6B9B8BD/0750,/player/Thomas Yu
267,/player/C36A90FE-DFA8-414B-A8B6-F2BCF6B9B8BD/XX12886455,/player/C36A90FE-DFA8-414B-A8B6-F2BCF6B9B8BD/915200173,/player/Erbin Simbolon,/player/Jack Simbolon
268,/player/C36A90FE-DFA8-414B-A8B6-F2BCF6B9B8BD/XX12954803,/player/C36A90FE-DFA8-414B-A8B6-F2BCF6B9B8BD/XX12949734,/player/C36A90FE-DFA8-414B-A8B6-F2BCF6B9B8BD/XX12945716,/player/C36A90FE-DFA8-414B-A8B6-F2BCF6B9B8BD/BC3217
269,/player/C36A90FE-DFA8-414B-A8B6-F2BCF6B9B8BD/0961,/player/C36A90FE-DFA8-414B-A8B6-F2BCF6B9B8BD/1000,/player/C36A90FE-DFA8-414B-A8B6-F2BCF6B9B8BD/XX12983118,/player/C36A90FE-DFA8-414B-A8B6-F2BCF6B9B8BD/XX12983326
270,/player/Brendan Dinh,/player/Jonathan Hsu,/player/C36A90FE-DFA8-414B-A8B6-F2BCF6B9B8BD/0750,/player/Thomas Yu
271,/player/C36A90FE-DFA8-414B-A8B6-F2BCF6B9B8BD/13179292,/player/C36A90FE-DFA8-414B-A8B6-F2BCF6B9B8BD/XX12960065,/player/C36A90FE-DFA8-414B-A8B6-F2BCF6B9B8BD/XX12983118,/player/C36A90FE-DFA8-414B-A8B6-F2BCF6B9B8BD/XX12983326
272,/player/C36A90FE-DFA8-414B-A8B6-F2BCF6B9B8BD/Peterrxb,/player/C36A90FE-DFA8-414B-A8B6-F2BCF6B9B8BD/535534,/player/Nelvin Lo,/player/Steven Tom Nguyen
273,/player/C36A90FE-DFA8-414B-A8B6-F2BCF6B9B8BD/XX12988802,/player/C36A90FE-DFA8-414B-A8B6-F2BCF6B9B8BD/XX12959615,/player/C36A90FE-DFA8-414B-A8B6-F2BCF6B9B8BD/XX12954803,/player/C36A90FE-DFA8-414B-A8B6-F2BCF6B9B8BD/XX12949734
274,/player/C36A90FE-DFA8-414B-A8B6-F2BCF6B9B8BD/XX12946360,/player/C36A90FE-DFA8-414B-A8B6-F2BCF6B9B8BD/XX12957955,/player/C36A90FE-DFA8-414B-A8B6-F2BCF6B9B8BD/XX12956873,/player/C36A90FE-DFA8-414B-A8B6-F2BCF6B9B8BD/XX12949601
275,/player/C36A90FE-DFA8-414B-A8B6-F2BCF6B9B8BD/47381,/player/C36A90FE-DFA8-414B-A8B6-F2BCF6B9B8BD/2034197,/player/C36A90FE-DFA8-414B-A8B6-F2BCF6B9B8BD/1019354,/player/C36A90FE-DFA8-414B-A8B6-F2BCF6B9B8BD/0597
276,/player/C36A90FE-DFA8-414B-A8B6-F2BCF6B9B8BD/XX12960288,/player/C36A90FE-DFA8-414B-A8B6-F2BCF6B9B8BD/915944510,/player/C36A90FE-DFA8-414B-A8B6-F2BCF6B9B8BD/MagEno,/player/C36A90FE-DFA8-414B-A8B6-F2BCF6B9B8BD/XX12924044
277,/player/C36A90FE-DFA8-414B-A8B6-F2BCF6B9B8BD/12345678,/player/C36A90FE-DFA8-414B-A8B6-F2BCF6B9B8BD/2033532,/player/Erbin Simbolon,/player/Jack Simbolon
278,/player/C36A90FE-DFA8-414B-A8B6-F2BCF6B9B8BD/XX12956554,/player/C36A90FE-DFA8-414B-A8B6-F2BCF6B9B8BD/5103660464,/player/C36A90FE-DFA8-414B-A8B6-F2BCF6B9B8BD/XX12949425,/player/C36A90FE-DFA8-414B-A8B6-F2BCF6B9B8BD/XX12955056
279,/player/C36A90FE-DFA8-414B-A8B6-F2BCF6B9B8BD/98590,/player/Domenick Owen Wuu,/player/C36A90FE-DFA8-414B-A8B6-F2BCF6B9B8BD/2424,/player/C36A90FE-DFA8-414B-A8B6-F2BCF6B9B8BD/Tobyyu
280,/player/C36A90FE-DFA8-414B-A8B6-F2BCF6B9B8BD/lucbui10,/player/C36A90FE-DFA8-414B-A8B6-F2BCF6B9B8BD/Khoihuynh,/player/C36A90FE-DFA8-414B-A8B6-F2BCF6B9B8BD/XX12888633,/player/C36A90FE-DFA8-414B-A8B6-F2BCF6B9B8BD/XX12957823
281,/player/C36A90FE-DFA8-414B-A8B6-F2BCF6B9B8BD/2036052,/player/C36A90FE-DFA8-414B-A8B6-F2BCF6B9B8BD/00676,/player/James Huynh,/player/C36A90FE-DFA8-414B-A8B6-F2BCF6B9B8BD/12345
282,/player/C36A90FE-DFA8-414B-A8B6-F2BCF6B9B8BD/001,/player/C36A90FE-DFA8-414B-A8B6-F2BCF6B9B8BD/XX12960409,/player/C36A90FE-DFA8-414B-A8B6-F2BCF6B9B8BD/XX12886455,/player/C36A90FE-DFA8-414B-A8B6-F2BCF6B9B8BD/915200173
283,/player/Nelvin Lo,/player/Steven Tom Nguyen,/player/C36A90FE-DFA8-414B-A8B6-F2BCF6B9B8BD/XX12960116,/player/C36A90FE-DFA8-414B-A8B6-F2BCF6B9B8BD/XX12959929
284,/player/C36A90FE-DFA8-414B-A8B6-F2BCF6B9B8BD/110812345,/player/C36A90FE-DFA8-414B-A8B6-F2BCF6B9B8BD/2130,/player/C36A90FE-DFA8-414B-A8B6-F2BCF6B9B8BD/XX12952342,/player/C36A90FE-DFA8-414B-A8B6-F2BCF6B9B8BD/1259
285,/player/C36A90FE-DFA8-414B-A8B6-F2BCF6B9B8BD/2032961,/player/Cindy Yuan,/player/Nancy Mei,/player/C36A90FE-DFA8-414B-A8B6-F2BCF6B9B8BD/aoiashoda
286,/player/C36A90FE-DFA8-414B-A8B6-F2BCF6B9B8BD/2035412,/player/C36A90FE-DFA8-414B-A8B6-F2BCF6B9B8BD/824,/player/C36A90FE-DFA8-414B-A8B6-F2BCF6B9B8BD/XX12946360,/player/C36A90FE-DFA8-414B-A8B6-F2BCF6B9B8BD/XX12957955
287,/player/Kevin Kwan,/player/C36A90FE-DFA8-414B-A8B6-F2BCF6B9B8BD/47106,/player/C36A90FE-DFA8-414B-A8B6-F2BCF6B9B8BD/XX12959916,/player/C36A90FE-DFA8-414B-A8B6-F2BCF6B9B8BD/XX12959959
288,/player/C36A90FE-DFA8-414B-A8B6-F2BCF6B9B8BD/1234567,/player/C36A90FE-DFA8-414B-A8B6-F2BCF6B9B8BD/401380,/player/C36A90FE-DFA8-414B-A8B6-F2BCF6B9B8BD/ZBTC,/player/C36A90FE-DFA8-414B-A8B6-F2BCF6B9B8BD/1019531
289,/player/Pho Le,/player/Nhan Ton,/player/C36A90FE-DFA8-414B-A8B6-F2BCF6B9B8BD/XX12940564,/player/C36A90FE-DFA8-414B-A8B6-F2BCF6B9B8BD/123456789123456789
290,/player/C36A90FE-DFA8-414B-A8B6-F2BCF6B9B8BD/XX12957478,/player/Kenneth Chan,/player/C36A90FE-DFA8-414B-A8B6-F2BCF6B9B8BD/2033870,/player/C36A90FE-DFA8-414B-A8B6-F2BCF6B9B8BD/030490
291,/player/C36A90FE-DFA8-414B-A8B6-F2BCF6B9B8BD/XX12954978,/player/C36A90FE-DFA8-414B-A8B6-F2BCF6B9B8BD/XX12931388,/player/C36A90FE-DFA8-414B-A8B6-F2BCF6B9B8BD/XX12945909,/player/C36A90FE-DFA8-414B-A8B6-F2BCF6B9B8BD/XX12945934
292,/player/C36A90FE-DFA8-414B-A8B6-F2BCF6B9B8BD/XX12985056,/player/C36A90FE-DFA8-414B-A8B6-F2BCF6B9B8BD/31970HZ,/player/Vila Chaiyasith,/player/Chai Saephan
293,/player/C36A90FE-DFA8-414B-A8B6-F2BCF6B9B8BD/XX12960168,/player/Johnjo Riguera,/player/C36A90FE-DFA8-414B-A8B6-F2BCF6B9B8BD/1018632,/player/Jianhua Wu
294,/player/C36A90FE-DFA8-414B-A8B6-F2BCF6B9B8BD/47272,/player/C36A90FE-DFA8-414B-A8B6-F2BCF6B9B8BD/XX12930874,/player/C36A90FE-DFA8-414B-A8B6-F2BCF6B9B8BD/XX12960249,/player/C36A90FE-DFA8-414B-A8B6-F2BCF6B9B8BD/2035738
295,/player/C36A90FE-DFA8-414B-A8B6-F2BCF6B9B8BD/XX12988109,/player/C36A90FE-DFA8-414B-A8B6-F2BCF6B9B8BD/20170825,/player/C36A90FE-DFA8-414B-A8B6-F2BCF6B9B8BD/XX12960117,/player/C36A90FE-DFA8-414B-A8B6-F2BCF6B9B8BD/XX12960294
296,/player/C36A90FE-DFA8-414B-A8B6-F2BCF6B9B8BD/123456789101,/player/C36A90FE-DFA8-414B-A8B6-F2BCF6B9B8BD/5109286839,/player/C36A90FE-DFA8-414B-A8B6-F2BCF6B9B8BD/2034181,/player/C36A90FE-DFA8-414B-A8B6-F2BCF6B9B8BD/XX12954622
297,/player/Dexter Vu,/player/C36A90FE-DFA8-414B-A8B6-F2BCF6B9B8BD/2132132154,/player/C36A90FE-DFA8-414B-A8B6-F2BCF6B9B8BD/XX12981303,/player/C36A90FE-DFA8-414B-A8B6-F2BCF6B9B8BD/47410
298,/player/C36A90FE-DFA8-414B-A8B6-F2BCF6B9B8BD/662,/player/C36A90FE-DFA8-414B-A8B6-F2BCF6B9B8BD/39287582,/player/C36A90FE-DFA8-414B-A8B6-F2BCF6B9B8BD/XX12932299,/player/C36A90FE-DFA8-414B-A8B6-F2BCF6B9B8BD/XX12932358
299,/player/C36A90FE-DFA8-414B-A8B6-F2BCF6B9B8BD/412313121,/player/C36A90FE-DFA8-414B-A8B6-F2BCF6B9B8BD/425113600,/player/C36A90FE-DFA8-414B-A8B6-F2BCF6B9B8BD/56486,/player/Ng Man
300,/player/C36A90FE-DFA8-414B-A8B6-F2BCF6B9B8BD/XX12957478,/player/Kenneth Chan,/player/C36A90FE-DFA8-414B-A8B6-F2BCF6B9B8BD/2424,/player/C36A90FE-DFA8-414B-A8B6-F2BCF6B9B8BD/Tobyyu
301,/player/C36A90FE-DFA8-414B-A8B6-F2BCF6B9B8BD/13179292,/player/C36A90FE-DFA8-414B-A8B6-F2BCF6B9B8BD/XX12960065,/player/C36A90FE-DFA8-414B-A8B6-F2BCF6B9B8BD/914274951,/player/C36A90FE-DFA8-414B-A8B6-F2BCF6B9B8BD/Jaron+Huang
302,/player/C36A90FE-DFA8-414B-A8B6-F2BCF6B9B8BD/XX12988802,/player/C36A90FE-DFA8-414B-A8B6-F2BCF6B9B8BD/XX12959615,/player/C36A90FE-DFA8-414B-A8B6-F2BCF6B9B8BD/12345678,/player/C36A90FE-DFA8-414B-A8B6-F2BCF6B9B8BD/2033532
303,/player/C36A90FE-DFA8-414B-A8B6-F2BCF6B9B8BD/XX12960168,/player/Johnjo Riguera,/player/Kevin Kwan,/player/C36A90FE-DFA8-414B-A8B6-F2BCF6B9B8BD/47106
304,/player/C36A90FE-DFA8-414B-A8B6-F2BCF6B9B8BD/XX12988109,/player/C36A90FE-DFA8-414B-A8B6-F2BCF6B9B8BD/20170825,/player/C36A90FE-DFA8-414B-A8B6-F2BCF6B9B8BD/XX12981303,/player/C36A90FE-DFA8-414B-A8B6-F2BCF6B9B8BD/47410
305,/player/C36A90FE-DFA8-414B-A8B6-F2BCF6B9B8BD/412313121,/player/C36A90FE-DFA8-414B-A8B6-F2BCF6B9B8BD/425113600,/player/C36A90FE-DFA8-414B-A8B6-F2BCF6B9B8BD/XX12960249,/player/C36A90FE-DFA8-414B-A8B6-F2BCF6B9B8BD/2035738
306,/player/Pho Le,/player/Nhan Ton,/player/C36A90FE-DFA8-414B-A8B6-F2BCF6B9B8BD/47381,/player/C36A90FE-DFA8-414B-A8B6-F2BCF6B9B8BD/2034197
307,/player/C36A90FE-DFA8-414B-A8B6-F2BCF6B9B8BD/XX12888633,/player/C36A90FE-DFA8-414B-A8B6-F2BCF6B9B8BD/XX12957823,/player/C36A90FE-DFA8-414B-A8B6-F2BCF6B9B8BD/XX12954803,/player/C36A90FE-DFA8-414B-A8B6-F2BCF6B9B8BD/XX12949734
308,/player/C36A90FE-DFA8-414B-A8B6-F2BCF6B9B8BD/0961,/player/C36A90FE-DFA8-414B-A8B6-F2BCF6B9B8BD/1000,/player/C36A90FE-DFA8-414B-A8B6-F2BCF6B9B8BD/XX12949111,/player/C36A90FE-DFA8-414B-A8B6-F2BCF6B9B8BD/XX12949707
309,/player/C36A90FE-DFA8-414B-A8B6-F2BCF6B9B8BD/XX12886455,/player/C36A90FE-DFA8-414B-A8B6-F2BCF6B9B8BD/915200173,/player/C36A90FE-DFA8-414B-A8B6-F2BCF6B9B8BD/XX12956873,/player/C36A90FE-DFA8-414B-A8B6-F2BCF6B9B8BD/XX12949601
310,/player/C36A90FE-DFA8-414B-A8B6-F2BCF6B9B8BD/XX12954978,/player/C36A90FE-DFA8-414B-A8B6-F2BCF6B9B8BD/XX12931388,/player/C36A90FE-DFA8-414B-A8B6-F2BCF6B9B8BD/123456789101,/player/C36A90FE-DFA8-414B-A8B6-F2BCF6B9B8BD/5109286839
311,/player/C36A90FE-DFA8-414B-A8B6-F2BCF6B9B8BD/XX12959954,/player/C36A90FE-DFA8-414B-A8B6-F2BCF6B9B8BD/XX12958198,/player/C36A90FE-DFA8-414B-A8B6-F2BCF6B9B8BD/clementhoang,/player/C36A90FE-DFA8-414B-A8B6-F2BCF6B9B8BD/A00
312,/player/Nelvin Lo,/player/Steven Tom Nguyen,/player/C36A90FE-DFA8-414B-A8B6-F2BCF6B9B8BD/2036052,/player/C36A90FE-DFA8-414B-A8B6-F2BCF6B9B8BD/00676
313,/player/C36A90FE-DFA8-414B-A8B6-F2BCF6B9B8BD/XX12960288,/player/C36A90FE-DFA8-414B-A8B6-F2BCF6B9B8BD/915944510,/player/C36A90FE-DFA8-414B-A8B6-F2BCF6B9B8BD/Peterrxb,/player/C36A90FE-DFA8-414B-A8B6-F2BCF6B9B8BD/535534
314,/player/C36A90FE-DFA8-414B-A8B6-F2BCF6B9B8BD/98590,/player/Domenick Owen Wuu,/player/Brendan Dinh,/player/Jonathan Hsu
315,/player/C36A90FE-DFA8-414B-A8B6-F2BCF6B9B8BD/XX12932828,/player/C36A90FE-DFA8-414B-A8B6-F2BCF6B9B8BD/Toddpolezilla,/player/Negar Hosseini,/player/C36A90FE-DFA8-414B-A8B6-F2BCF6B9B8BD/XX12945595
316,/player/C36A90FE-DFA8-414B-A8B6-F2BCF6B9B8BD/cokoo,/player/Amber Low,/player/Tiffany Chen,/player/C36A90FE-DFA8-414B-A8B6-F2BCF6B9B8BD/whatever
317,/player/C36A90FE-DFA8-414B-A8B6-F2BCF6B9B8BD/98590,/player/Domenick Owen Wuu,/player/C36A90FE-DFA8-414B-A8B6-F2BCF6B9B8BD/XX12956554,/player/C36A90FE-DFA8-414B-A8B6-F2BCF6B9B8BD/5103660464
318,/player/C36A90FE-DFA8-414B-A8B6-F2BCF6B9B8BD/13179292,/player/C36A90FE-DFA8-414B-A8B6-F2BCF6B9B8BD/XX12960065,/player/Brendan Dinh,/player/Jonathan Hsu
319,/player/C36A90FE-DFA8-414B-A8B6-F2BCF6B9B8BD/Peterrxb,/player/C36A90FE-DFA8-414B-A8B6-F2BCF6B9B8BD/535534,/player/C36A90FE-DFA8-414B-A8B6-F2BCF6B9B8BD/914274951,/player/C36A90FE-DFA8-414B-A8B6-F2BCF6B9B8BD/Jaron+Huang
320,/player/C36A90FE-DFA8-414B-A8B6-F2BCF6B9B8BD/lucbui10,/player/C36A90FE-DFA8-414B-A8B6-F2BCF6B9B8BD/Khoihuynh,/player/C36A90FE-DFA8-414B-A8B6-F2BCF6B9B8BD/2035412,/player/C36A90FE-DFA8-414B-A8B6-F2BCF6B9B8BD/824
321,/player/C36A90FE-DFA8-414B-A8B6-F2BCF6B9B8BD/XX12988802,/player/C36A90FE-DFA8-414B-A8B6-F2BCF6B9B8BD/XX12959615,/player/C36A90FE-DFA8-414B-A8B6-F2BCF6B9B8BD/XX12946360,/player/C36A90FE-DFA8-414B-A8B6-F2BCF6B9B8BD/XX12957955
322,/player/C36A90FE-DFA8-414B-A8B6-F2BCF6B9B8BD/47381,/player/C36A90FE-DFA8-414B-A8B6-F2BCF6B9B8BD/2034197,/player/C36A90FE-DFA8-414B-A8B6-F2BCF6B9B8BD/2036052,/player/C36A90FE-DFA8-414B-A8B6-F2BCF6B9B8BD/00676
323,/player/C36A90FE-DFA8-414B-A8B6-F2BCF6B9B8BD/XX12960288,/player/C36A90FE-DFA8-414B-A8B6-F2BCF6B9B8BD/915944510,/player/C36A90FE-DFA8-414B-A8B6-F2BCF6B9B8BD/12345678,/player/C36A90FE-DFA8-414B-A8B6-F2BCF6B9B8BD/2033532
324,/player/C36A90FE-DFA8-414B-A8B6-F2BCF6B9B8BD/clementhoang,/player/C36A90FE-DFA8-414B-A8B6-F2BCF6B9B8BD/A00,/player/C36A90FE-DFA8-414B-A8B6-F2BCF6B9B8BD/001,/player/C36A90FE-DFA8-414B-A8B6-F2BCF6B9B8BD/XX12960409
325,/player/C36A90FE-DFA8-414B-A8B6-F2BCF6B9B8BD/XX12983118,/player/C36A90FE-DFA8-414B-A8B6-F2BCF6B9B8BD/XX12983326,/player/C36A90FE-DFA8-414B-A8B6-F2BCF6B9B8BD/XX12949223,/player/C36A90FE-DFA8-414B-A8B6-F2BCF6B9B8BD/XX12949215
326,/player/Nelvin Lo,/player/Steven Tom Nguyen,/player/C36A90FE-DFA8-414B-A8B6-F2BCF6B9B8BD/XX12945716,/player/C36A90FE-DFA8-414B-A8B6-F2BCF6B9B8BD/BC3217
327,/player/C36A90FE-DFA8-414B-A8B6-F2BCF6B9B8BD/XX12888633,/player/C36A90FE-DFA8-414B-A8B6-F2BCF6B9B8BD/XX12957823,/player/C36A90FE-DFA8-414B-A8B6-F2BCF6B9B8BD/2035412,/player/C36A90FE-DFA8-414B-A8B6-F2BCF6B9B8BD/824
328,/player/C36A90FE-DFA8-414B-A8B6-F2BCF6B9B8BD/XX12956873,/player/C36A90FE-DFA8-414B-A8B6-F2BCF6B9B8BD/XX12949601,/player/C36A90FE-DFA8-414B-A8B6-F2BCF6B9B8BD/XX12930768,/player/C36A90FE-DFA8-414B-A8B6-F2BCF6B9B8BD/69abc
329,/player/James Huynh,/player/C36A90FE-DFA8-414B-A8B6-F2BCF6B9B8BD/12345,/player/C36A90FE-DFA8-414B-A8B6-F2BCF6B9B8BD/1019354,/player/C36A90FE-DFA8-414B-A8B6-F2BCF6B9B8BD/0597
330,/player/C36A90FE-DFA8-414B-A8B6-F2BCF6B9B8BD/Bettina+Dea,/player/C36A90FE-DFA8-414B-A8B6-F2BCF6B9B8BD/XX12979355,/player/C36A90FE-DFA8-414B-A8B6-F2BCF6B9B8BD/XX12954589,/player/C36A90FE-DFA8-414B-A8B6-F2BCF6B9B8BD/47086
331,/player/Robin Chang,/player/C36A90FE-DFA8-414B-A8B6-F2BCF6B9B8BD/XX12952041,/player/C36A90FE-DFA8-414B-A8B6-F2BCF6B9B8BD/E201506088819470,/player/C36A90FE-DFA8-414B-A8B6-F2BCF6B9B8BD/8009870
332,/player/C36A90FE-DFA8-414B-A8B6-F2BCF6B9B8BD/2032961,/player/Cindy Yuan,/player/C36A90FE-DFA8-414B-A8B6-F2BCF6B9B8BD/2035277,/player/C36A90FE-DFA8-414B-A8B6-F2BCF6B9B8BD/912683531
333,/player/C36A90FE-DFA8-414B-A8B6-F2BCF6B9B8BD/2035412,/player/C36A90FE-DFA8-414B-A8B6-F2BCF6B9B8BD/824,/player/C36A90FE-DFA8-414B-A8B6-F2BCF6B9B8BD/001,/player/C36A90FE-DFA8-414B-A8B6-F2BCF6B9B8BD/XX12960409
334,/player/C36A90FE-DFA8-414B-A8B6-F2BCF6B9B8BD/XX12945775,/player/C36A90FE-DFA8-414B-A8B6-F2BCF6B9B8BD/123441,/player/C36A90FE-DFA8-414B-A8B6-F2BCF6B9B8BD/XX12985434,/player/C36A90FE-DFA8-414B-A8B6-F2BCF6B9B8BD/Melody
335,/player/C36A90FE-DFA8-414B-A8B6-F2BCF6B9B8BD/E201506088819470,/player/C36A90FE-DFA8-414B-A8B6-F2BCF6B9B8BD/8009870,/player/C36A90FE-DFA8-414B-A8B6-F2BCF6B9B8BD/NataleeL12,/player/C36A90FE-DFA8-414B-A8B6-F2BCF6B9B8BD/1018460
336,/player/Tiffany Chen,/player/C36A90FE-DFA8-414B-A8B6-F2BCF6B9B8BD/whatever,/player/C36A90FE-DFA8-414B-A8B6-F2BCF6B9B8BD/XX12951128,/player/C36A90FE-DFA8-414B-A8B6-F2BCF6B9B8BD/MaiUkai2018
337,/player/Robin Chang,/player/C36A90FE-DFA8-414B-A8B6-F2BCF6B9B8BD/XX12952041,/player/Anna Douglas,/player/C36A90FE-DFA8-414B-A8B6-F2BCF6B9B8BD/XX12957792
338,/player/C36A90FE-DFA8-414B-A8B6-F2BCF6B9B8BD/110812345,/player/C36A90FE-DFA8-414B-A8B6-F2BCF6B9B8BD/2130,/player/C36A90FE-DFA8-414B-A8B6-F2BCF6B9B8BD/47432,/player/C36A90FE-DFA8-414B-A8B6-F2BCF6B9B8BD/47935
339,/player/C36A90FE-DFA8-414B-A8B6-F2BCF6B9B8BD/XX12952342,/player/C36A90FE-DFA8-414B-A8B6-F2BCF6B9B8BD/1259,/player/C36A90FE-DFA8-414B-A8B6-F2BCF6B9B8BD/XX12959213,/player/C36A90FE-DFA8-414B-A8B6-F2BCF6B9B8BD/XX12954887
340,/player/C36A90FE-DFA8-414B-A8B6-F2BCF6B9B8BD/XX12932828,/player/C36A90FE-DFA8-414B-A8B6-F2BCF6B9B8BD/Toddpolezilla,/player/C36A90FE-DFA8-414B-A8B6-F2BCF6B9B8BD/VanessaDINH,/player/C36A90FE-DFA8-414B-A8B6-F2BCF6B9B8BD/12292000
341,/player/C36A90FE-DFA8-414B-A8B6-F2BCF6B9B8BD/412313121,/player/C36A90FE-DFA8-414B-A8B6-F2BCF6B9B8BD/425113600,/player/C36A90FE-DFA8-414B-A8B6-F2BCF6B9B8BD/XX12960408,/player/Ryan Tran
342,/player/C36A90FE-DFA8-414B-A8B6-F2BCF6B9B8BD/1234567,/player/C36A90FE-DFA8-414B-A8B6-F2BCF6B9B8BD/401380,/player/Kevin Kwan,/player/C36A90FE-DFA8-414B-A8B6-F2BCF6B9B8BD/47106
343,/player/Pho Le,/player/Nhan Ton,/player/C36A90FE-DFA8-414B-A8B6-F2BCF6B9B8BD/XX12957478,/player/Kenneth Chan
344,/player/C36A90FE-DFA8-414B-A8B6-F2BCF6B9B8BD/XX12985056,/player/C36A90FE-DFA8-414B-A8B6-F2BCF6B9B8BD/31970HZ,/player/C36A90FE-DFA8-414B-A8B6-F2BCF6B9B8BD/XX12954978,/player/C36A90FE-DFA8-414B-A8B6-F2BCF6B9B8BD/XX12931388
345,/player/C36A90FE-DFA8-414B-A8B6-F2BCF6B9B8BD/XX12959420,/player/Adrian Pan,/player/C36A90FE-DFA8-414B-A8B6-F2BCF6B9B8BD/XX12960168,/player/Johnjo Riguera
346,/player/C36A90FE-DFA8-414B-A8B6-F2BCF6B9B8BD/47272,/player/C36A90FE-DFA8-414B-A8B6-F2BCF6B9B8BD/XX12930874,/player/C36A90FE-DFA8-414B-A8B6-F2BCF6B9B8BD/XX12988109,/player/C36A90FE-DFA8-414B-A8B6-F2BCF6B9B8BD/20170825
347,/player/Dexter Vu,/player/C36A90FE-DFA8-414B-A8B6-F2BCF6B9B8BD/2132132154,/player/C36A90FE-DFA8-414B-A8B6-F2BCF6B9B8BD/123456789101,/player/C36A90FE-DFA8-414B-A8B6-F2BCF6B9B8BD/5109286839
348,/player/C36A90FE-DFA8-414B-A8B6-F2BCF6B9B8BD/0123,/player/C36A90FE-DFA8-414B-A8B6-F2BCF6B9B8BD/2035069,/player/C36A90FE-DFA8-414B-A8B6-F2BCF6B9B8BD/662,/player/C36A90FE-DFA8-414B-A8B6-F2BCF6B9B8BD/39287582
349,/player/C36A90FE-DFA8-414B-A8B6-F2BCF6B9B8BD/2035277,/player/C36A90FE-DFA8-414B-A8B6-F2BCF6B9B8BD/912683531,/player/C36A90FE-DFA8-414B-A8B6-F2BCF6B9B8BD/47432,/player/C36A90FE-DFA8-414B-A8B6-F2BCF6B9B8BD/47935
350,/player/C36A90FE-DFA8-414B-A8B6-F2BCF6B9B8BD/XX12945775,/player/C36A90FE-DFA8-414B-A8B6-F2BCF6B9B8BD/123441,/player/Negar Hosseini,/player/C36A90FE-DFA8-414B-A8B6-F2BCF6B9B8BD/XX12945595
351,/player/C36A90FE-DFA8-414B-A8B6-F2BCF6B9B8BD/XX12985434,/player/C36A90FE-DFA8-414B-A8B6-F2BCF6B9B8BD/Melody,/player/C36A90FE-DFA8-414B-A8B6-F2BCF6B9B8BD/XX12959253,/player/C36A90FE-DFA8-414B-A8B6-F2BCF6B9B8BD/XX12951979
352,/player/C36A90FE-DFA8-414B-A8B6-F2BCF6B9B8BD/2033870,/player/C36A90FE-DFA8-414B-A8B6-F2BCF6B9B8BD/030490,/player/C36A90FE-DFA8-414B-A8B6-F2BCF6B9B8BD/XX12940564,/player/C36A90FE-DFA8-414B-A8B6-F2BCF6B9B8BD/123456789123456789
353,/player/C36A90FE-DFA8-414B-A8B6-F2BCF6B9B8BD/98590,/player/Domenick Owen Wuu,/player/C36A90FE-DFA8-414B-A8B6-F2BCF6B9B8BD/0961,/player/C36A90FE-DFA8-414B-A8B6-F2BCF6B9B8BD/1000
354,/player/C36A90FE-DFA8-414B-A8B6-F2BCF6B9B8BD/13179292,/player/C36A90FE-DFA8-414B-A8B6-F2BCF6B9B8BD/XX12960065,/player/C36A90FE-DFA8-414B-A8B6-F2BCF6B9B8BD/Peterrxb,/player/C36A90FE-DFA8-414B-A8B6-F2BCF6B9B8BD/535534
355,/player/C36A90FE-DFA8-414B-A8B6-F2BCF6B9B8BD/lucbui10,/player/C36A90FE-DFA8-414B-A8B6-F2BCF6B9B8BD/Khoihuynh,/player/C36A90FE-DFA8-414B-A8B6-F2BCF6B9B8BD/XX12988802,/player/C36A90FE-DFA8-414B-A8B6-F2BCF6B9B8BD/XX12959615
356,/player/C36A90FE-DFA8-414B-A8B6-F2BCF6B9B8BD/0961,/player/C36A90FE-DFA8-414B-A8B6-F2BCF6B9B8BD/1000,/player/C36A90FE-DFA8-414B-A8B6-F2BCF6B9B8BD/clementhoang,/player/C36A90FE-DFA8-414B-A8B6-F2BCF6B9B8BD/A00
357,/player/C36A90FE-DFA8-414B-A8B6-F2BCF6B9B8BD/47432,/player/C36A90FE-DFA8-414B-A8B6-F2BCF6B9B8BD/47935,/player/C36A90FE-DFA8-414B-A8B6-F2BCF6B9B8BD/XX12954985,/player/C36A90FE-DFA8-414B-A8B6-F2BCF6B9B8BD/XX12954975
358,/player/C36A90FE-DFA8-414B-A8B6-F2BCF6B9B8BD/XX12985056,/player/C36A90FE-DFA8-414B-A8B6-F2BCF6B9B8BD/31970HZ,/player/C36A90FE-DFA8-414B-A8B6-F2BCF6B9B8BD/2033870,/player/C36A90FE-DFA8-414B-A8B6-F2BCF6B9B8BD/030490
359,/player/C36A90FE-DFA8-414B-A8B6-F2BCF6B9B8BD/662,/player/C36A90FE-DFA8-414B-A8B6-F2BCF6B9B8BD/39287582,/player/C36A90FE-DFA8-414B-A8B6-F2BCF6B9B8BD/XX12959420,/player/Adrian Pan
360,/player/C36A90FE-DFA8-414B-A8B6-F2BCF6B9B8BD/47272,/player/C36A90FE-DFA8-414B-A8B6-F2BCF6B9B8BD/XX12930874,/player/C36A90FE-DFA8-414B-A8B6-F2BCF6B9B8BD/1018632,/player/Jianhua Wu
361,/player/C36A90FE-DFA8-414B-A8B6-F2BCF6B9B8BD/XX12960408,/player/Ryan Tran,/player/C36A90FE-DFA8-414B-A8B6-F2BCF6B9B8BD/XX12945909,/player/C36A90FE-DFA8-414B-A8B6-F2BCF6B9B8BD/XX12945934
362,/player/C36A90FE-DFA8-414B-A8B6-F2BCF6B9B8BD/1234567,/player/C36A90FE-DFA8-414B-A8B6-F2BCF6B9B8BD/401380,/player/C36A90FE-DFA8-414B-A8B6-F2BCF6B9B8BD/XX12960117,/player/C36A90FE-DFA8-414B-A8B6-F2BCF6B9B8BD/XX12960294
363,/player/Dexter Vu,/player/C36A90FE-DFA8-414B-A8B6-F2BCF6B9B8BD/2132132154,/player/C36A90FE-DFA8-414B-A8B6-F2BCF6B9B8BD/56486,/player/Ng Man
364,/player/C36A90FE-DFA8-414B-A8B6-F2BCF6B9B8BD/XX12957478,/player/Kenneth Chan,/player/C36A90FE-DFA8-414B-A8B6-F2BCF6B9B8BD/13179292,/player/C36A90FE-DFA8-414B-A8B6-F2BCF6B9B8BD/XX12960065
365,/player/C36A90FE-DFA8-414B-A8B6-F2BCF6B9B8BD/XX12940564,/player/C36A90FE-DFA8-414B-A8B6-F2BCF6B9B8BD/123456789123456789,/player/C36A90FE-DFA8-414B-A8B6-F2BCF6B9B8BD/XX12988802,/player/C36A90FE-DFA8-414B-A8B6-F2BCF6B9B8BD/XX12959615
366,/player/C36A90FE-DFA8-414B-A8B6-F2BCF6B9B8BD/XX12960168,/player/Johnjo Riguera,/player/C36A90FE-DFA8-414B-A8B6-F2BCF6B9B8BD/XX12988109,/player/C36A90FE-DFA8-414B-A8B6-F2BCF6B9B8BD/20170825
367,/player/Pho Le,/player/Nhan Ton,/player/C36A90FE-DFA8-414B-A8B6-F2BCF6B9B8BD/412313121,/player/C36A90FE-DFA8-414B-A8B6-F2BCF6B9B8BD/425113600
368,/player/C36A90FE-DFA8-414B-A8B6-F2BCF6B9B8BD/XX12888633,/player/C36A90FE-DFA8-414B-A8B6-F2BCF6B9B8BD/XX12957823,/player/C36A90FE-DFA8-414B-A8B6-F2BCF6B9B8BD/0961,/player/C36A90FE-DFA8-414B-A8B6-F2BCF6B9B8BD/1000
369,/player/C36A90FE-DFA8-414B-A8B6-F2BCF6B9B8BD/XX12954978,/player/C36A90FE-DFA8-414B-A8B6-F2BCF6B9B8BD/XX12931388,/player/C36A90FE-DFA8-414B-A8B6-F2BCF6B9B8BD/XX12886455,/player/C36A90FE-DFA8-414B-A8B6-F2BCF6B9B8BD/915200173
370,/player/C36A90FE-DFA8-414B-A8B6-F2BCF6B9B8BD/XX12959954,/player/C36A90FE-DFA8-414B-A8B6-F2BCF6B9B8BD/XX12958198,/player/Nelvin Lo,/player/Steven Tom Nguyen
371,/player/C36A90FE-DFA8-414B-A8B6-F2BCF6B9B8BD/98590,/player/Domenick Owen Wuu,/player/C36A90FE-DFA8-414B-A8B6-F2BCF6B9B8BD/XX12960288,/player/C36A90FE-DFA8-414B-A8B6-F2BCF6B9B8BD/915944510
372,/player/C36A90FE-DFA8-414B-A8B6-F2BCF6B9B8BD/2032961,/player/Cindy Yuan,/player/C36A90FE-DFA8-414B-A8B6-F2BCF6B9B8BD/XX12946360,/player/C36A90FE-DFA8-414B-A8B6-F2BCF6B9B8BD/XX12957955
373,/player/C36A90FE-DFA8-414B-A8B6-F2BCF6B9B8BD/2035412,/player/C36A90FE-DFA8-414B-A8B6-F2BCF6B9B8BD/824,/player/Nancy Mei,/player/C36A90FE-DFA8-414B-A8B6-F2BCF6B9B8BD/aoiashoda
374,/player/C36A90FE-DFA8-414B-A8B6-F2BCF6B9B8BD/47381,/player/C36A90FE-DFA8-414B-A8B6-F2BCF6B9B8BD/2034197,/player/C36A90FE-DFA8-414B-A8B6-F2BCF6B9B8BD/XX12960288,/player/C36A90FE-DFA8-414B-A8B6-F2BCF6B9B8BD/915944510
375,/player/Nelvin Lo,/player/Steven Tom Nguyen,/player/C36A90FE-DFA8-414B-A8B6-F2BCF6B9B8BD/XX12983118,/player/C36A90FE-DFA8-414B-A8B6-F2BCF6B9B8BD/XX12983326
376,/player/James Huynh,/player/C36A90FE-DFA8-414B-A8B6-F2BCF6B9B8BD/12345,/player/Howard Huang,/player/Henrik Lee
377,/player/C36A90FE-DFA8-414B-A8B6-F2BCF6B9B8BD/XX12932828,/player/C36A90FE-DFA8-414B-A8B6-F2BCF6B9B8BD/Toddpolezilla,/player/C36A90FE-DFA8-414B-A8B6-F2BCF6B9B8BD/cokoo,/player/Amber Low
378,/player/C36A90FE-DFA8-414B-A8B6-F2BCF6B9B8BD/Bettina+Dea,/player/C36A90FE-DFA8-414B-A8B6-F2BCF6B9B8BD/XX12979355,/player/Robin Chang,/player/C36A90FE-DFA8-414B-A8B6-F2BCF6B9B8BD/XX12952041
379,/player/Tiffany Chen,/player/C36A90FE-DFA8-414B-A8B6-F2BCF6B9B8BD/whatever,/player/Negar Hosseini,/player/C36A90FE-DFA8-414B-A8B6-F2BCF6B9B8BD/XX12945595
380,/player/C36A90FE-DFA8-414B-A8B6-F2BCF6B9B8BD/XX12954589,/player/C36A90FE-DFA8-414B-A8B6-F2BCF6B9B8BD/47086,/player/C36A90FE-DFA8-414B-A8B6-F2BCF6B9B8BD/E201506088819470,/player/C36A90FE-DFA8-414B-A8B6-F2BCF6B9B8BD/8009870
381,/player/C36A90FE-DFA8-414B-A8B6-F2BCF6B9B8BD/412313121,/player/C36A90FE-DFA8-414B-A8B6-F2BCF6B9B8BD/425113600,/player/C36A90FE-DFA8-414B-A8B6-F2BCF6B9B8BD/1234567,/player/C36A90FE-DFA8-414B-A8B6-F2BCF6B9B8BD/401380
382,/player/C36A90FE-DFA8-414B-A8B6-F2BCF6B9B8BD/XX12985056,/player/C36A90FE-DFA8-414B-A8B6-F2BCF6B9B8BD/31970HZ,/player/Pho Le,/player/Nhan Ton
383,/player/C36A90FE-DFA8-414B-A8B6-F2BCF6B9B8BD/47272,/player/C36A90FE-DFA8-414B-A8B6-F2BCF6B9B8BD/XX12930874,/player/C36A90FE-DFA8-414B-A8B6-F2BCF6B9B8BD/XX12959420,/player/Adrian Pan
384,/player/C36A90FE-DFA8-414B-A8B6-F2BCF6B9B8BD/XX12959916,/player/C36A90FE-DFA8-414B-A8B6-F2BCF6B9B8BD/XX12959959,/player/C36A90FE-DFA8-414B-A8B6-F2BCF6B9B8BD/XX12960408,/player/Ryan Tran
385,/player/C36A90FE-DFA8-414B-A8B6-F2BCF6B9B8BD/2033870,/player/C36A90FE-DFA8-414B-A8B6-F2BCF6B9B8BD/030490,/player/C36A90FE-DFA8-414B-A8B6-F2BCF6B9B8BD/XX12954978,/player/C36A90FE-DFA8-414B-A8B6-F2BCF6B9B8BD/XX12931388
386,/player/C36A90FE-DFA8-414B-A8B6-F2BCF6B9B8BD/XX12960168,/player/Johnjo Riguera,/player/C36A90FE-DFA8-414B-A8B6-F2BCF6B9B8BD/XX12988109,/player/C36A90FE-DFA8-414B-A8B6-F2BCF6B9B8BD/20170825
387,/player/C36A90FE-DFA8-414B-A8B6-F2BCF6B9B8BD/XX12888633,/player/C36A90FE-DFA8-414B-A8B6-F2BCF6B9B8BD/XX12957823,/player/C36A90FE-DFA8-414B-A8B6-F2BCF6B9B8BD/XX12956873,/player/C36A90FE-DFA8-414B-A8B6-F2BCF6B9B8BD/XX12949601
388,/player/C36A90FE-DFA8-414B-A8B6-F2BCF6B9B8BD/110812345,/player/C36A90FE-DFA8-414B-A8B6-F2BCF6B9B8BD/2130,/player/Nancy Mei,/player/C36A90FE-DFA8-414B-A8B6-F2BCF6B9B8BD/aoiashoda
389,/player/C36A90FE-DFA8-414B-A8B6-F2BCF6B9B8BD/2035277,/player/C36A90FE-DFA8-414B-A8B6-F2BCF6B9B8BD/912683531,/player/C36A90FE-DFA8-414B-A8B6-F2BCF6B9B8BD/XX12945775,/player/C36A90FE-DFA8-414B-A8B6-F2BCF6B9B8BD/123441
390,/player/C36A90FE-DFA8-414B-A8B6-F2BCF6B9B8BD/XX12985434,/player/C36A90FE-DFA8-414B-A8B6-F2BCF6B9B8BD/Melody,/player/C36A90FE-DFA8-414B-A8B6-F2BCF6B9B8BD/47432,/player/C36A90FE-DFA8-414B-A8B6-F2BCF6B9B8BD/47935
391,/player/Dexter Vu,/player/C36A90FE-DFA8-414B-A8B6-F2BCF6B9B8BD/2132132154,/player/C36A90FE-DFA8-414B-A8B6-F2BCF6B9B8BD/0123,/player/C36A90FE-DFA8-414B-A8B6-F2BCF6B9B8BD/2035069
392,/player/C36A90FE-DFA8-414B-A8B6-F2BCF6B9B8BD/662,/player/C36A90FE-DFA8-414B-A8B6-F2BCF6B9B8BD/39287582,/player/C36A90FE-DFA8-414B-A8B6-F2BCF6B9B8BD/123456789101,/player/C36A90FE-DFA8-414B-A8B6-F2BCF6B9B8BD/5109286839
393,/player/C36A90FE-DFA8-414B-A8B6-F2BCF6B9B8BD/2032926,/player/C36A90FE-DFA8-414B-A8B6-F2BCF6B9B8BD/XX12988658,/player/C36A90FE-DFA8-414B-A8B6-F2BCF6B9B8BD/XX12985056,/player/C36A90FE-DFA8-414B-A8B6-F2BCF6B9B8BD/31970HZ
394,/player/C36A90FE-DFA8-414B-A8B6-F2BCF6B9B8BD/XX12960408,/player/Ryan Tran,/player/C36A90FE-DFA8-414B-A8B6-F2BCF6B9B8BD/1234567,/player/C36A90FE-DFA8-414B-A8B6-F2BCF6B9B8BD/401380
395,/player/C36A90FE-DFA8-414B-A8B6-F2BCF6B9B8BD/13179292,/player/C36A90FE-DFA8-414B-A8B6-F2BCF6B9B8BD/XX12960065,/player/C36A90FE-DFA8-414B-A8B6-F2BCF6B9B8BD/98590,/player/Domenick Owen Wuu
396,/player/Nelvin Lo,/player/Steven Tom Nguyen,/player/C36A90FE-DFA8-414B-A8B6-F2BCF6B9B8BD/0961,/player/C36A90FE-DFA8-414B-A8B6-F2BCF6B9B8BD/1000
397,/player/Nancy Mei,/player/C36A90FE-DFA8-414B-A8B6-F2BCF6B9B8BD/aoiashoda,/player/C36A90FE-DFA8-414B-A8B6-F2BCF6B9B8BD/XX12952342,/player/C36A90FE-DFA8-414B-A8B6-F2BCF6B9B8BD/1259
398,/player/C36A90FE-DFA8-414B-A8B6-F2BCF6B9B8BD/XX12945775,/player/C36A90FE-DFA8-414B-A8B6-F2BCF6B9B8BD/123441,/player/Robin Chang,/player/C36A90FE-DFA8-414B-A8B6-F2BCF6B9B8BD/XX12952041
399,/player/C36A90FE-DFA8-414B-A8B6-F2BCF6B9B8BD/110812345,/player/C36A90FE-DFA8-414B-A8B6-F2BCF6B9B8BD/2130,/player/C36A90FE-DFA8-414B-A8B6-F2BCF6B9B8BD/XX12985434,/player/C36A90FE-DFA8-414B-A8B6-F2BCF6B9B8BD/Melody
400,/player/C36A90FE-DFA8-414B-A8B6-F2BCF6B9B8BD/Maithili2004,/player/C36A90FE-DFA8-414B-A8B6-F2BCF6B9B8BD/ankie1022,/player/Negar Hosseini,/player/C36A90FE-DFA8-414B-A8B6-F2BCF6B9B8BD/XX12945595
401,/player/C36A90FE-DFA8-414B-A8B6-F2BCF6B9B8BD/47432,/player/C36A90FE-DFA8-414B-A8B6-F2BCF6B9B8BD/47935,/player/C36A90FE-DFA8-414B-A8B6-F2BCF6B9B8BD/XX12959253,/player/C36A90FE-DFA8-414B-A8B6-F2BCF6B9B8BD/XX12951979
402,/player/C36A90FE-DFA8-414B-A8B6-F2BCF6B9B8BD/662,/player/C36A90FE-DFA8-414B-A8B6-F2BCF6B9B8BD/39287582,/player/C36A90FE-DFA8-414B-A8B6-F2BCF6B9B8BD/47272,/player/C36A90FE-DFA8-414B-A8B6-F2BCF6B9B8BD/XX12930874
403,/player/C36A90FE-DFA8-414B-A8B6-F2BCF6B9B8BD/0123,/player/C36A90FE-DFA8-414B-A8B6-F2BCF6B9B8BD/2035069,/player/Dexter Vu,/player/C36A90FE-DFA8-414B-A8B6-F2BCF6B9B8BD/2132132154
404,/player/C36A90FE-DFA8-414B-A8B6-F2BCF6B9B8BD/XX12957478,/player/Kenneth Chan,/player/C36A90FE-DFA8-414B-A8B6-F2BCF6B9B8BD/XX12940564,/player/C36A90FE-DFA8-414B-A8B6-F2BCF6B9B8BD/123456789123456789
405,/player/C36A90FE-DFA8-414B-A8B6-F2BCF6B9B8BD/XX12960168,/player/Johnjo Riguera,/player/Pho Le,/player/Nhan Ton
406,/player/C36A90FE-DFA8-414B-A8B6-F2BCF6B9B8BD/XX12888633,/player/C36A90FE-DFA8-414B-A8B6-F2BCF6B9B8BD/XX12957823,/player/C36A90FE-DFA8-414B-A8B6-F2BCF6B9B8BD/XX12954978,/player/C36A90FE-DFA8-414B-A8B6-F2BCF6B9B8BD/XX12931388
407,/player/C36A90FE-DFA8-414B-A8B6-F2BCF6B9B8BD/98590,/player/Domenick Owen Wuu,/player/C36A90FE-DFA8-414B-A8B6-F2BCF6B9B8BD/XX12959954,/player/C36A90FE-DFA8-414B-A8B6-F2BCF6B9B8BD/XX12958198
408,/player/C36A90FE-DFA8-414B-A8B6-F2BCF6B9B8BD/2032961,/player/Cindy Yuan,/player/C36A90FE-DFA8-414B-A8B6-F2BCF6B9B8BD/2035412,/player/C36A90FE-DFA8-414B-A8B6-F2BCF6B9B8BD/824
409,/player/C36A90FE-DFA8-414B-A8B6-F2BCF6B9B8BD/XX12946360,/player/C36A90FE-DFA8-414B-A8B6-F2BCF6B9B8BD/XX12957955,/player/Nancy Mei,/player/C36A90FE-DFA8-414B-A8B6-F2BCF6B9B8BD/aoiashoda
410,/player/Tiffany Chen,/player/C36A90FE-DFA8-414B-A8B6-F2BCF6B9B8BD/whatever,/player/C36A90FE-DFA8-414B-A8B6-F2BCF6B9B8BD/E201506088819470,/player/C36A90FE-DFA8-414B-A8B6-F2BCF6B9B8BD/8009870
411,/player/C36A90FE-DFA8-414B-A8B6-F2BCF6B9B8BD/XX12932828,/player/C36A90FE-DFA8-414B-A8B6-F2BCF6B9B8BD/Toddpolezilla,/player/C36A90FE-DFA8-414B-A8B6-F2BCF6B9B8BD/XX12952342,/player/C36A90FE-DFA8-414B-A8B6-F2BCF6B9B8BD/1259
412,/player/C36A90FE-DFA8-414B-A8B6-F2BCF6B9B8BD/NataleeL12,/player/C36A90FE-DFA8-414B-A8B6-F2BCF6B9B8BD/1018460,/player/C36A90FE-DFA8-414B-A8B6-F2BCF6B9B8BD/XX12957717,/player/C36A90FE-DFA8-414B-A8B6-F2BCF6B9B8BD/XX12957676
413,/player/C36A90FE-DFA8-414B-A8B6-F2BCF6B9B8BD/XX12959213,/player/C36A90FE-DFA8-414B-A8B6-F2BCF6B9B8BD/XX12954887,/player/C36A90FE-DFA8-414B-A8B6-F2BCF6B9B8BD/char_lausy218,/player/C36A90FE-DFA8-414B-A8B6-F2BCF6B9B8BD/kiran0901
414,/player/C36A90FE-DFA8-414B-A8B6-F2BCF6B9B8BD/XX12985056,/player/C36A90FE-DFA8-414B-A8B6-F2BCF6B9B8BD/31970HZ,/player/C36A90FE-DFA8-414B-A8B6-F2BCF6B9B8BD/412313121,/player/C36A90FE-DFA8-414B-A8B6-F2BCF6B9B8BD/425113600
415,/player/C36A90FE-DFA8-414B-A8B6-F2BCF6B9B8BD/47272,/player/C36A90FE-DFA8-414B-A8B6-F2BCF6B9B8BD/XX12930874,/player/Dexter Vu,/player/C36A90FE-DFA8-414B-A8B6-F2BCF6B9B8BD/2132132154
416,/player/C36A90FE-DFA8-414B-A8B6-F2BCF6B9B8BD/XX12959916,/player/C36A90FE-DFA8-414B-A8B6-F2BCF6B9B8BD/XX12959959,/player/C36A90FE-DFA8-414B-A8B6-F2BCF6B9B8BD/2033870,/player/C36A90FE-DFA8-414B-A8B6-F2BCF6B9B8BD/030490
417,/player/C36A90FE-DFA8-414B-A8B6-F2BCF6B9B8BD/662,/player/C36A90FE-DFA8-414B-A8B6-F2BCF6B9B8BD/39287582,/player/C36A90FE-DFA8-414B-A8B6-F2BCF6B9B8BD/XX12960168,/player/Johnjo Riguera
418,/player/C36A90FE-DFA8-414B-A8B6-F2BCF6B9B8BD/lucbui10,/player/C36A90FE-DFA8-414B-A8B6-F2BCF6B9B8BD/Khoihuynh,/player/C36A90FE-DFA8-414B-A8B6-F2BCF6B9B8BD/47381,/player/C36A90FE-DFA8-414B-A8B6-F2BCF6B9B8BD/2034197
419,/player/C36A90FE-DFA8-414B-A8B6-F2BCF6B9B8BD/XX12888633,/player/C36A90FE-DFA8-414B-A8B6-F2BCF6B9B8BD/XX12957823,/player/James Huynh,/player/C36A90FE-DFA8-414B-A8B6-F2BCF6B9B8BD/12345
420,/player/C36A90FE-DFA8-414B-A8B6-F2BCF6B9B8BD/XX12932828,/player/C36A90FE-DFA8-414B-A8B6-F2BCF6B9B8BD/Toddpolezilla,/player/C36A90FE-DFA8-414B-A8B6-F2BCF6B9B8BD/110812345,/player/C36A90FE-DFA8-414B-A8B6-F2BCF6B9B8BD/2130
421,/player/C36A90FE-DFA8-414B-A8B6-F2BCF6B9B8BD/2035277,/player/C36A90FE-DFA8-414B-A8B6-F2BCF6B9B8BD/912683531,/player/C36A90FE-DFA8-414B-A8B6-F2BCF6B9B8BD/Bettina+Dea,/player/C36A90FE-DFA8-414B-A8B6-F2BCF6B9B8BD/XX12979355
422,/player/Nancy Mei,/player/C36A90FE-DFA8-414B-A8B6-F2BCF6B9B8BD/aoiashoda,/player/Tiffany Chen,/player/C36A90FE-DFA8-414B-A8B6-F2BCF6B9B8BD/whatever
423,/player/C36A90FE-DFA8-414B-A8B6-F2BCF6B9B8BD/XX12954589,/player/C36A90FE-DFA8-414B-A8B6-F2BCF6B9B8BD/47086,/player/C36A90FE-DFA8-414B-A8B6-F2BCF6B9B8BD/XX12985434,/player/C36A90FE-DFA8-414B-A8B6-F2BCF6B9B8BD/Melody
424,/player/C36A90FE-DFA8-414B-A8B6-F2BCF6B9B8BD/2032926,/player/C36A90FE-DFA8-414B-A8B6-F2BCF6B9B8BD/XX12988658,/player/C36A90FE-DFA8-414B-A8B6-F2BCF6B9B8BD/662,/player/C36A90FE-DFA8-414B-A8B6-F2BCF6B9B8BD/39287582
425,/player/C36A90FE-DFA8-414B-A8B6-F2BCF6B9B8BD/XX12960408,/player/Ryan Tran,/player/C36A90FE-DFA8-414B-A8B6-F2BCF6B9B8BD/0123,/player/C36A90FE-DFA8-414B-A8B6-F2BCF6B9B8BD/2035069
426,/player/C36A90FE-DFA8-414B-A8B6-F2BCF6B9B8BD/2033870,/player/C36A90FE-DFA8-414B-A8B6-F2BCF6B9B8BD/030490,/player/C36A90FE-DFA8-414B-A8B6-F2BCF6B9B8BD/XX12959420,/player/Adrian Pan
427,/player/C36A90FE-DFA8-414B-A8B6-F2BCF6B9B8BD/1234567,/player/C36A90FE-DFA8-414B-A8B6-F2BCF6B9B8BD/401380,/player/Dexter Vu,/player/C36A90FE-DFA8-414B-A8B6-F2BCF6B9B8BD/2132132154
428,/player/C36A90FE-DFA8-414B-A8B6-F2BCF6B9B8BD/XX12945775,/player/C36A90FE-DFA8-414B-A8B6-F2BCF6B9B8BD/123441,/player/Tiffany Chen,/player/C36A90FE-DFA8-414B-A8B6-F2BCF6B9B8BD/whatever
429,/player/C36A90FE-DFA8-414B-A8B6-F2BCF6B9B8BD/110812345,/player/C36A90FE-DFA8-414B-A8B6-F2BCF6B9B8BD/2130,/player/C36A90FE-DFA8-414B-A8B6-F2BCF6B9B8BD/XX12932828,/player/C36A90FE-DFA8-414B-A8B6-F2BCF6B9B8BD/Toddpolezilla
430,/player/C36A90FE-DFA8-414B-A8B6-F2BCF6B9B8BD/Maithili2004,/player/C36A90FE-DFA8-414B-A8B6-F2BCF6B9B8BD/ankie1022,/player/C36A90FE-DFA8-414B-A8B6-F2BCF6B9B8BD/NataleeL12,/player/C36A90FE-DFA8-414B-A8B6-F2BCF6B9B8BD/1018460
431,/player/C36A90FE-DFA8-414B-A8B6-F2BCF6B9B8BD/47432,/player/C36A90FE-DFA8-414B-A8B6-F2BCF6B9B8BD/47935,/player/C36A90FE-DFA8-414B-A8B6-F2BCF6B9B8BD/XX12959213,/player/C36A90FE-DFA8-414B-A8B6-F2BCF6B9B8BD/XX12954887
432,/player/C36A90FE-DFA8-414B-A8B6-F2BCF6B9B8BD/XX12957478,/player/Kenneth Chan,/player/C36A90FE-DFA8-414B-A8B6-F2BCF6B9B8BD/XX12960168,/player/Johnjo Riguera
433,/player/C36A90FE-DFA8-414B-A8B6-F2BCF6B9B8BD/98590,/player/Domenick Owen Wuu,/player/C36A90FE-DFA8-414B-A8B6-F2BCF6B9B8BD/XX12888633,/player/C36A90FE-DFA8-414B-A8B6-F2BCF6B9B8BD/XX12957823
434,/player/C36A90FE-DFA8-414B-A8B6-F2BCF6B9B8BD/2032926,/player/C36A90FE-DFA8-414B-A8B6-F2BCF6B9B8BD/XX12988658,/player/C36A90FE-DFA8-414B-A8B6-F2BCF6B9B8BD/XX12960408,/player/Ryan Tran
435,/player/C36A90FE-DFA8-414B-A8B6-F2BCF6B9B8BD/1234567,/player/C36A90FE-DFA8-414B-A8B6-F2BCF6B9B8BD/401380,/player/C36A90FE-DFA8-414B-A8B6-F2BCF6B9B8BD/2033870,/player/C36A90FE-DFA8-414B-A8B6-F2BCF6B9B8BD/030490
436,/player/C36A90FE-DFA8-414B-A8B6-F2BCF6B9B8BD/13179292,/player/C36A90FE-DFA8-414B-A8B6-F2BCF6B9B8BD/XX12960065,/player/C36A90FE-DFA8-414B-A8B6-F2BCF6B9B8BD/lucbui10,/player/C36A90FE-DFA8-414B-A8B6-F2BCF6B9B8BD/Khoihuynh
437,/player/Nelvin Lo,/player/Steven Tom Nguyen,/player/C36A90FE-DFA8-414B-A8B6-F2BCF6B9B8BD/XX12888633,/player/C36A90FE-DFA8-414B-A8B6-F2BCF6B9B8BD/XX12957823
438,/player/C36A90FE-DFA8-414B-A8B6-F2BCF6B9B8BD/XX12932828,/player/C36A90FE-DFA8-414B-A8B6-F2BCF6B9B8BD/Toddpolezilla,/player/C36A90FE-DFA8-414B-A8B6-F2BCF6B9B8BD/2035277,/player/C36A90FE-DFA8-414B-A8B6-F2BCF6B9B8BD/912683531
439,/player/Nancy Mei,/player/C36A90FE-DFA8-414B-A8B6-F2BCF6B9B8BD/aoiashoda,/player/C36A90FE-DFA8-414B-A8B6-F2BCF6B9B8BD/XX12954589,/player/C36A90FE-DFA8-414B-A8B6-F2BCF6B9B8BD/47086
440,/player/C36A90FE-DFA8-414B-A8B6-F2BCF6B9B8BD/110812345,/player/C36A90FE-DFA8-414B-A8B6-F2BCF6B9B8BD/2130,/player/C36A90FE-DFA8-414B-A8B6-F2BCF6B9B8BD/XX12945775,/player/C36A90FE-DFA8-414B-A8B6-F2BCF6B9B8BD/123441
441,/player/C36A90FE-DFA8-414B-A8B6-F2BCF6B9B8BD/47432,/player/C36A90FE-DFA8-414B-A8B6-F2BCF6B9B8BD/47935,/player/C36A90FE-DFA8-414B-A8B6-F2BCF6B9B8BD/Maithili2004,/player/C36A90FE-DFA8-414B-A8B6-F2BCF6B9B8BD/ankie1022
442,/player/C36A90FE-DFA8-414B-A8B6-F2BCF6B9B8BD/XX12985056,/player/C36A90FE-DFA8-414B-A8B6-F2BCF6B9B8BD/31970HZ,/player/C36A90FE-DFA8-414B-A8B6-F2BCF6B9B8BD/47272,/player/C36A90FE-DFA8-414B-A8B6-F2BCF6B9B8BD/XX12930874
443,/player/C36A90FE-DFA8-414B-A8B6-F2BCF6B9B8BD/662,/player/C36A90FE-DFA8-414B-A8B6-F2BCF6B9B8BD/39287582,/player/C36A90FE-DFA8-414B-A8B6-F2BCF6B9B8BD/XX12959916,/player/C36A90FE-DFA8-414B-A8B6-F2BCF6B9B8BD/XX12959959
